player_register_id,direction,gap_years,kbo_season,mlb_season,player,kbo_rel_bb_pct,mlb_rel_bb_pct,kbo_rel_era,mlb_rel_era,kbo_rel_h_pct,mlb_rel_h_pct,kbo_rel_hr_pct,mlb_rel_hr_pct,kbo_rel_k_pct,mlb_rel_k_pct,kbo_age,mlb_age,kbo_batters_faced,mlb_batters_faced,cohort,first_kbo,first_mlb,n_kbo,n_mlb
adlema001tim,mlb_to_kbo,1,2018,2017,Tim Adleman,0.8770609531790714,1.1243094898764445,0.9768130288922524,1.268230076422237,1.0497835936693727,1.0250004851409686,0.8550104879763916,1.6576067593016746,0.9622547862717835,0.9397346559961052,30,29,758.0,531.0,import_returnee,2018,2016,1.0,2.0
albers001and,mlb_to_kbo,1,2014,2013,Andrew Albers*,0.6262154750458876,0.35500224943489805,1.12958311749769,1.0488547172833573,1.181518142460636,1.1288707916501965,1.0554048075127938,0.9557543626555137,0.9520896009264992,0.5056264283502848,28,27,673.0,249.0,import_returnee,2014,2013,1.0,2.0
anders000sha,mlb_to_kbo,2,2023,2021,Shaun Anderson,0.8465385862516213,1.1140490263758798,0.9079046935122563,1.9928507659387533,0.9807168375870666,1.3368926898931703,1.0867153679653678,0.9867255676637867,1.074289535272484,0.6610323805295849,28,26,336.0,248.0,import_returnee,2023,2019,1.0,3.0
anders000sha,kbo_to_mlb,1,2023,2024,Shaun Anderson,0.8465385862516213,0.1437778031703002,0.9079046935122563,2.0297638226912667,0.9807168375870666,1.8325992516887228,1.0867153679653678,1.180886937573489,1.074289535272484,0.5210230899165987,28,29,336.0,170.0,import_returnee,2023,2019,1.0,3.0
anders012and,kbo_to_mlb,1,2025,2026,Drew Anderson,0.8032363511788673,1.1116855664629939,0.5232407973390278,0.8657215770148036,0.7613062503483202,0.9461310973073606,0.8807022892636173,1.063445523836173,1.7931821794104974,1.137226009121581,31,32,694.0,434.0,posted_from_kbo,2024,2026,2.0,1.0
avila-003ped,mlb_to_kbo,2,2026,2024,Pedro Avila,0.7749841538136488,1.2463458291816392,0.30010001971542466,0.9357647730955705,0.7781077641069156,0.947448621623773,0.0,0.7582654556656965,1.4015691868758915,1.0287623050194596,29,27,275.0,706.0,import_returnee,2026,2023,1.0,2.0
barnes006cha,mlb_to_kbo,1,2022,2021,Charlie Barnes*,0.6770577424038055,1.0525110801570217,0.8926951040196743,1.3905457896303104,0.9764354545587928,1.2104183973254987,0.5236426583077967,0.6991655450874832,1.0853993395051282,0.49304069284612645,26,25,788.0,175.0,import_returnee,2022,2021,4.0,1.0
barria000jai,mlb_to_kbo,1,2024,2023,Jaime Barria,0.4834019204389575,0.9644881199229264,1.0491353904827947,1.314005438511779,1.1572285904973105,1.1332375252287685,0.983275811741273,1.7333830457919535,1.0840375137129863,0.7535698757114038,27,26,405.0,362.0,import_returnee,2024,2018,1.0,5.0
bautis001den,mlb_to_kbo,2,2012,2010,Denny Bautista,1.5196711736073552,2.0224609288269644,0.9310744497431078,0.919018036021515,0.8338888888888889,0.6943332248661798,1.2300878048780488,1.0248135634408988,1.7817625899280576,1.5158314769918244,31,29,375.0,157.0,import_returnee,2012,2004,2.0,5.0
bell--005cha,mlb_to_kbo,2,2019,2017,Chad Bell*,0.9852403752486996,1.2385236239614636,0.8407423699593929,1.5929512318184758,0.9548385294758424,1.2134288193988274,1.025401389887371,1.2430587584171202,1.037202704178787,0.8988417656754555,30,28,749.0,293.0,import_returnee,2019,2017,2.0,1.0
below-001dua,mlb_to_kbo,1,2013,2012,Duane Below*,1.2900287356321838,0.5300113201398129,0.9312963929420187,0.9696146507487031,0.9329005748357877,1.1352046005066474,0.27046582803161756,1.1850329106105353,1.0535139074156414,0.7758268775399396,27,26,208.0,189.0,import_returnee,2013,2012,1.0,1.0
blackl001tra,kbo_to_mlb,1,2011,2012,Travis Blackley*,1.1804826123078749,0.9024517072650867,0.8414015742319271,1.0222980474070307,0.9557862366595735,0.9664579707016052,1.2652478907953362,0.8407328082034202,1.2304803928516344,0.8085446466067451,28,29,548.0,888.0,posted_from_kbo,2011,2012,1.0,2.0
bonill001lis,mlb_to_kbo,1,2018,2017,Lisalverto Bonilla,1.0314019099220195,1.497284936244485,1.0253266224030844,1.8617617521878436,1.0110138051155153,1.0718098658858721,0.9911072371928464,1.4116907605279698,1.0690495256163206,0.7521519630356422,28,27,752.0,172.0,import_returnee,2018,2017,1.0,1.0
boushl000cal,mlb_to_kbo,1,2026,2025,Caleb Boushley,0.596419707925616,0.8628157567667639,0.6800138744615474,1.4508588949929733,1.0858668051342777,1.2751349812060309,0.4720492437478161,0.8387638131046815,1.073839078501927,0.9560813743668323,32,31,268.0,193.0,import_returnee,2026,2025,1.0,1.0
bowie-001mic,kbo_to_mlb,2,2005,2007,Micah Bowie*,1.3616281281417277,1.2771670221025622,1.4634230574880065,1.0202660662146352,1.0566674297832348,0.930069006596203,1.642364622598143,1.0740440367808313,1.0446968303437691,0.9923954686984834,30,32,298.0,248.0,import_returnee,2005,1999,1.0,2.0
brooks000aar,mlb_to_kbo,1,2020,2019,Aaron Brooks,0.43655435253133906,0.8277320434020459,0.5251597967272222,1.2561461320454126,0.9347097993561034,1.0861780293126349,0.2836695805027557,1.1992708583381912,1.2750738957200223,0.7409828336131852,30,29,586.0,964.0,import_returnee,2020,2015,2.0,2.0
bush--002dav,mlb_to_kbo,1,2012,2011,Dave Bush,0.9543094961746709,0.6687577316858324,1.1582314755724292,1.4702531075481895,1.0038790797217763,1.2408944458364368,1.4808440668676348,1.4709144133652359,0.7678049975749738,0.7442146805733721,32,31,356.0,166.0,import_returnee,2012,2004,1.0,8.0
butler001edw,mlb_to_kbo,1,2019,2018,Eddie Butler,1.0060600423466612,0.9835681499426239,1.1439256798424475,1.3555126561596664,1.0125163641964217,1.1679939615727115,1.0096743747050496,1.599309711162418,0.8714031784192303,0.5714655660190592,28,27,326.0,456.0,import_returnee,2019,2015,1.0,4.0
cabrer001jos,mlb_to_kbo,2,2004,2002,José Cabrera,1.1728238191779143,0.8724172805146193,1.0825203263727854,1.5905096727067085,0.9450862888521461,1.191880006599409,0.7542981184046115,1.7899106993176717,1.1848679695095394,0.7649823033184605,32,30,454.0,474.0,import_returnee,2004,2000,2.0,3.0
callaw001mic,mlb_to_kbo,2,2005,2003,Mickey Callaway,0.7177450156596135,0.996963972772376,0.9415017936293897,1.5196114338080016,1.0624131973849125,1.2584302601591344,0.8919617472215042,0.8873097428434636,0.7414429455829553,0.8785850880093065,30,28,848.0,568.0,import_returnee,2005,2003,3.0,1.0
carlyl001ear,kbo_to_mlb,1,2006,2007,Buddy Carlyle,0.591813501507779,0.8125378777782534,0.9060197695918076,1.1687740176294845,0.9413785433606011,1.062057548028155,0.8053065539112051,1.564902752415361,1.4440545439467354,0.9385921274765289,28,29,215.0,462.0,import_returnee,2006,1999,1.0,3.0
carpen001rya,mlb_to_kbo,2,2021,2019,Ryan Carpenter*,0.9185609059587317,0.7743459217613048,0.8946490657771999,2.0682092409300807,0.8972891230816037,1.3738194277660711,1.038603119921099,1.6767180673502777,1.3196580270662837,0.5527326448581702,30,28,746.0,197.0,import_returnee,2021,2019,1.0,1.0
carras002car,mlb_to_kbo,1,2026,2025,Carlos Carrasco,0.40320121515980384,0.9538067715470864,0.7210764242797297,1.7090409334425156,0.8559185405176072,1.3113350920456501,0.6838334990508904,1.5271831691434297,0.9444808574623126,0.7217908396911128,39,38,185.0,424.0,import_returnee,2026,2010,1.0,15.0
castan000dan,mlb_to_kbo,2,2024,2022,Daniel Castano*,0.5712470173254487,0.7071298727529792,0.887052688365402,1.019011444322712,1.0105277303684772,1.235418662096083,0.9202717943923049,1.1188878235858102,0.9890182287583424,0.571890620405763,29,27,476.0,156.0,import_returnee,2024,2022,1.0,1.0
chirin000yon,mlb_to_kbo,2,2025,2023,Yonny Chirinos,0.5339095165310564,0.8562131593212247,0.7671127618326088,1.2483051665861902,1.0249722577494198,1.1177983218877772,0.3189684734103697,1.2823256047207503,0.9442149655469846,0.635404396387404,31,29,737.0,734.0,import_returnee,2025,2018,2.0,3.0
cloyd-001tyl,mlb_to_kbo,2,2015,2013,Tyler Cloyd,0.5821153487920045,1.1194979750416618,1.0640085014659,1.6998013834426418,1.1078071727590522,1.2926846548667228,1.2783868651168029,0.984562561529882,0.9380904088985486,0.7321901002876677,28,26,705.0,282.0,import_returnee,2015,2013,1.0,1.0
colon-001rom,mlb_to_kbo,1,2010,2009,Román Colón,0.928691537385035,1.1256257521058965,0.8523926847211671,1.1196822367628732,0.9180316865725907,0.9768852712401099,0.5552930182886131,1.1805858064981427,0.7434207597159297,0.7341375260148145,30,29,454.0,220.0,import_returnee,2010,2005,1.0,3.0
crowe-000wil,mlb_to_kbo,2,2024,2022,Wil Crowe,0.7588285960378984,1.4029002294777981,0.7276710146370607,1.1058844046254435,0.9799969780297756,0.9398537842452129,0.4630543066921111,0.8411879541175248,1.3223951598004804,0.9136469429614961,29,27,172.0,332.0,import_returnee,2024,2021,1.0,2.0
cruz--001nel,mlb_to_kbo,2,2005,2003,Nelson Cruz,0.9447005686737966,0.5569591292812773,0.7118378822842896,1.6414739932341507,0.8721578231857288,1.1869314634445953,0.7715575263282919,2.3175594754832343,0.8821252846039987,0.9925353574580168,32,30,346.0,233.0,import_returnee,2005,1999,1.0,5.0
davids000tuc,mlb_to_kbo,2,2025,2023,Tucker Davidson*,0.9917865499266254,0.9369702385352948,0.8468542131665598,1.3779992098678722,1.0152732294245077,1.2225203475740412,0.8887703777067769,0.7976499948008735,1.1426391224782637,0.8576028957317041,29,27,529.0,472.0,import_returnee,2025,2022,1.0,2.0
dean--002pat,mlb_to_kbo,1,2017,2016,Pat Dean*,0.6373974255832664,0.9379065040650406,0.8336401321892392,1.502120762165662,1.0826662120264952,1.2807140379096098,1.0505494505494504,1.425751633986928,1.0554301128983914,0.7891676500265079,28,27,770.0,300.0,import_returnee,2017,2016,2.0,1.0
dejesu001enm,kbo_to_mlb,1,2025,2026,Enmanuel De Jesus*,0.6754688593191752,0.9455282254604246,0.9189489302956071,0.9157661698093985,1.0609614521928687,0.9849510198707858,1.1225719110557646,0.5556204141391241,1.1771227434321032,0.9920981048547509,28,29,712.0,178.0,posted_from_kbo,2024,2026,2.0,1.0
despai000odr,mlb_to_kbo,2,2020,2018,Odrisamer Despaigne,0.8000284142599704,1.1928379690793525,0.9111921872435944,1.6148801178014662,1.0753029555674944,1.2484435997481127,0.8256475538474246,0.7053048629497705,0.9642841062962627,0.8364444638356734,33,31,906.0,376.0,import_returnee,2020,2014,3.0,5.0
dumatr001phi,mlb_to_kbo,2,2010,2008,Phil Dumatrait*,1.2683057272352698,1.3742775692950144,1.792907125254088,1.2194907101686763,1.1887721654099095,0.9968621575553258,1.4005723905723906,0.7671030698910978,0.5723905100830368,0.8453103389242544,28,26,300.0,351.0,import_returnee,2010,2008,1.0,2.0
dumatr001phi,kbo_to_mlb,1,2010,2011,Phil Dumatrait*,1.2683057272352698,1.5733245955193904,1.792907125254088,0.9959779115649026,1.1887721654099095,1.0062398513241624,1.4005723905723906,1.4534035274918402,0.5723905100830368,0.7947314712245371,28,29,300.0,196.0,import_returnee,2010,2008,1.0,2.0
enns--000die,kbo_to_mlb,1,2024,2025,Dietrich Enns*,0.7616626897672649,0.892089862799922,0.8533497808330739,0.9825960762418301,0.9731007773918671,1.1393567193183518,0.8923847703198108,0.9712884955752212,1.1631150705247921,1.1026416533398942,33,34,714.0,400.0,posted_from_kbo,2024,2025,1.0,1.0
fedde-000eri,mlb_to_kbo,1,2023,2022,Erick Fedde,0.5408134384136825,1.2406653264822487,0.4821002909592892,1.4666677185839037,0.8389896942426377,1.1932216147993584,0.7735939907550078,1.2793984328331987,1.6649211759572504,0.7317804587809867,30,29,708.0,573.0,import_returnee,2023,2018,1.0,8.0
fedde-000eri,kbo_to_mlb,1,2023,2024,Erick Fedde,0.5408134384136825,0.875341446298522,0.4821002909592892,0.8101250344951985,0.8389896942426377,0.9718329365015954,0.7735939907550078,0.9217207501721447,1.6649211759572504,0.9394204196981097,30,31,708.0,1452.0,import_returnee,2023,2018,1.0,8.0
figaro001alf,mlb_to_kbo,2,2015,2013,Alfredo Fígaro,0.8005644647267642,0.5994273967628139,0.6938718593881048,1.0709027143433678,0.9200935185621963,1.0702056807906062,0.8733166084373508,1.8827756036489154,0.9143787504490071,0.8605889817212569,30,28,688.0,316.0,import_returnee,2015,2013,1.0,1.0
flande001yoh,mlb_to_kbo,1,2016,2015,Yohan Flande*,1.072287362739624,1.1020480083579636,1.4703003941824113,1.198869162164754,1.1031651681651682,1.0755387625311152,1.5304399354298206,1.769221452048912,1.0034815982881262,0.7123775353626338,30,29,330.0,296.0,import_returnee,2016,2014,1.0,2.0
flexen000chr,kbo_to_mlb,1,2020,2021,Chris Flexen,0.6774916593839106,0.6214218590670675,0.6325496163845032,0.8470203963848302,0.8592763361204495,1.149659555636127,0.5282744941989879,0.7843203230148048,1.6073910688027242,0.7277506852907568,25,26,472.0,741.0,import_returnee,2020,2017,1.0,6.0
font--001wil,mlb_to_kbo,2,2021,2019,Wilmer Font,0.7090712291444681,0.9558855339287671,0.7795935108648918,0.9973182900927662,0.8422633132820297,0.9720993427451395,0.9620835191984353,1.3144496272369102,1.429584774187514,1.1622911739910848,31,29,604.0,712.0,import_returnee,2021,2018,2.0,2.0
fyhrie001mic,mlb_to_kbo,2,2004,2002,Mike Fyhrie,0.8558677957394771,1.0836629742241342,0.7733733583184629,1.039110639703013,0.9478910724245504,0.9357536966690736,1.353562631445429,0.5219961063227501,1.0839480362776566,0.8131338340098636,34,32,759.0,212.0,import_returnee,2004,1999,1.0,4.0
gavigl001sam,mlb_to_kbo,2,2021,2019,Sam Gaviglio,0.8134454366633593,0.6585587176046889,1.3214406692873069,1.025697265827113,1.1188079079213888,0.9620527901448169,0.965738157448002,1.2639545635255283,1.0968269775645216,0.9777727684960448,31,29,351.0,392.0,import_returnee,2021,2017,1.0,3.0
german001jus,kbo_to_mlb,1,2011,2012,Justin Germano,0.3458765665004716,0.8217245818886396,0.6717071390927148,1.5476719975586957,1.0851606167599026,1.17676119748948,0.884006601133673,0.8165617399675719,0.9394568533844907,0.8216407922912206,28,29,181.0,640.0,import_returnee,2011,2007,2.0,3.0
glover001joh,mlb_to_kbo,1,2009,2008,Gary Glover,0.5941948761620892,1.0271168592814655,0.40842744322862984,1.2282733853286,0.8582881311437706,1.110128470519673,0.5093098938532195,1.0945251119177857,1.271623275833265,0.8581961672615146,32,31,427.0,492.0,import_returnee,2009,2001,3.0,6.0
glynn-001rya,mlb_to_kbo,2,2003,2001,Ryan Glynn,0.7062826495038884,1.4044074355903227,1.1766454462777705,1.5967686405665946,1.1137212449255751,1.1479871847664096,0.7742615239887112,1.094980180740934,0.756321627830653,0.3952158789799331,28,26,250.0,219.0,import_returnee,2003,1999,1.0,3.0
gonzal001edg,mlb_to_kbo,1,2010,2009,Édgar González,1.0483240726295198,1.054097694279769,1.6766636962540977,1.277944200689296,1.0220464868128243,1.0925432598752267,0.8158674119839169,0.49637625882387276,0.6611139135542273,0.7264329342875226,27,26,206.0,299.0,import_returnee,2010,2004,1.0,6.0
greisi001set,mlb_to_kbo,1,2005,2004,Seth Greisinger,0.5635627530364373,0.7482248713266516,0.931347361402793,1.3862214810981415,0.9840215439856373,1.2358891673943133,0.8342465753424657,1.7813544469140994,1.1064056382145653,0.9152472436341043,29,28,320.0,233.0,import_returnee,2005,1998,2.0,3.0
hackma001lut,mlb_to_kbo,2,2005,2003,Luther Hackman,1.1649062492931943,1.2239384795418795,1.1383523158843805,1.1757534649212056,0.9528700239711945,0.9563862742913801,1.1185428943139206,0.7262131612897513,0.9719147968134112,0.8418410008956819,30,28,358.0,347.0,import_returnee,2005,2002,1.0,2.0
hale--001dav,kbo_to_mlb,1,2018,2019,David Hale,0.7555694238979485,0.523186196035688,0.8393719997013828,0.6911461980857793,0.9670451719643662,1.1021253694817505,0.9358815160810178,0.3506512306454403,1.0571135481744092,0.638071748752196,30,31,277.0,157.0,import_returnee,2018,2014,1.0,4.0
harikk001tim,mlb_to_kbo,1,2005,2004,Tim Harikkala,0.541413998550289,1.0202893347174367,0.8793291487041225,1.0636827139915679,1.2604642775944117,0.8889716928692256,0.7771729377280612,1.3201513553784514,0.8263472316735799,0.6782843758484296,33,32,229.0,262.0,import_returnee,2005,2004,3.0,1.0
harrel001luc,mlb_to_kbo,2,2015,2013,Lucas Harrell,1.485828449782877,1.5717941583385504,1.0111449300760575,1.5167819483490346,0.9163641296624074,1.0809197294695108,0.5262149755297668,1.1220312885489057,1.0342749156366318,0.6339568474495424,30,28,785.0,707.0,import_returnee,2015,2011,1.0,4.0
harrel001luc,kbo_to_mlb,1,2015,2016,Lucas Harrell,1.485828449782877,1.4703801798678524,1.0111449300760575,1.007307177767346,0.9163641296624074,0.965573302182726,0.5262149755297668,0.6327300150829562,1.0342749156366318,0.8195202519506044,30,31,785.0,416.0,import_returnee,2015,2011,1.0,4.0
hart--000kyl,kbo_to_mlb,1,2024,2025,Kyle Hart*,0.6550057717516777,0.8638486567150084,0.5491328370808073,1.4116884196135853,0.8079075237686619,0.9674984432200529,0.6942145390344487,1.62785781381322,1.525679360276941,0.930287109191109,31,32,631.0,179.0,posted_from_kbo,2024,2025,1.0,2.0
hatch-000tom,mlb_to_kbo,1,2026,2025,Thomas Hatch,0.8502153283194952,1.3303094445261996,1.2966755923241227,1.4027912236916509,1.2064809214742866,1.1993228624403702,0.897228349818544,1.4910130414531904,1.038751631408019,0.6513994729720105,31,30,188.0,304.0,import_returnee,2026,2023,1.0,2.0
hernan002eli,mlb_to_kbo,2,2024,2022,Elieser Hernández,0.8924343146565369,0.9699719117858612,0.8195975390925403,1.6034444785666204,0.8644075908775457,1.1059092031713138,1.0210941121928603,2.385887416624706,1.491933000800542,0.9627511163665362,29,27,195.0,278.0,import_returnee,2024,2018,2.0,4.0
huff--001dav,mlb_to_kbo,2,2016,2014,David Huff*,0.32276208242998716,1.1695271981333424,0.6061367696460126,0.8981456433336172,0.952857510382594,1.045488379547706,0.2598637400009472,0.8515326096215884,0.9097498006458287,0.7425875625713138,31,29,299.0,516.0,import_returnee,2016,2009,2.0,5.0
humber001phi,mlb_to_kbo,2,2015,2013,Philip Humber,1.4163634888640662,0.9751302825073317,1.384945848375451,2.046545789821185,1.0444834236690719,1.2718184142173878,1.6929457204543727,1.378278974717507,0.771270852977865,0.6999900082983711,32,30,244.0,259.0,import_returnee,2015,2011,1.0,3.0
irvin-000col,mlb_to_kbo,1,2025,2024,Cole Irvin*,1.3305005042367617,0.7203501723877845,1.0396403796662281,1.2544306147443323,0.9553821945946881,1.2291824249131678,0.6519931846320439,1.2240901182164214,1.0018047191056465,0.7021103833632214,31,30,649.0,984.0,import_returnee,2025,2019,1.0,5.0
kelly-003ken,kbo_to_mlb,1,2018,2019,Merrill Kelly,0.8585057016693483,0.8608187660090775,0.7912185534027245,0.9830708859485838,0.888385187650281,1.0506615738900047,0.8654126927262527,1.0273584640467757,1.2717586433216652,0.8856811482036244,29,30,674.0,777.0,posted_from_kbo,2015,2019,4.0,7.0
kim---002gwa,kbo_to_mlb,1,2019,2020,Kwang Hyun Kim*,0.5662973375404599,0.8506706687927962,0.6016795315458524,0.36350187882002494,1.0660257433964673,0.8374541173211442,0.9073367260390159,0.5623139880952381,1.3276714573827813,0.6649923924401019,30,31,786.0,154.0,posted_from_kbo,2007,2020,16.0,2.0
kim---002gwa,mlb_to_kbo,1,2022,2021,Kwang Hyun Kim*,0.7360496518989191,0.9932782248439812,0.5246071561288953,0.8124263775915088,0.888212196138315,0.9983972448120578,0.7432104012005472,0.812083874271966,1.178495010519599,0.7635585951156826,33,32,694.0,452.0,posted_from_kbo,2007,2020,16.0,2.0
kingha001nic,mlb_to_kbo,2,2021,2019,Nick Kingham,0.6602534280328485,1.1326562710645756,0.7182043889155855,1.6188293032087457,0.8834426310299891,1.3361674363601146,0.9013089257690924,1.1690630797773653,1.2190766559196102,0.7735696104563302,29,27,591.0,518.0,import_returnee,2021,2018,1.0,2.0
lauer-000eri,mlb_to_kbo,1,2024,2023,Eric Lauer*,0.8701234567901235,1.3237713721785758,1.00535797034291,1.5157991308546594,0.9592815947543495,1.1537173659273978,0.7964534075104311,2.379088768063269,1.304763224336474,0.8966571384592348,29,28,150.0,211.0,import_returnee,2024,2018,1.0,7.0
lauer-000eri,kbo_to_mlb,1,2024,2025,Eric Lauer*,0.8701234567901235,0.7259573218403121,1.00535797034291,0.7663772550973206,0.9592815947543495,0.9628366642126915,0.7964534075104311,1.1400099713324194,1.304763224336474,1.0776032254543375,29,30,150.0,426.0,import_returnee,2024,2018,1.0,7.0
lehr--001cha,kbo_to_mlb,1,2008,2009,Justin Lehr,0.6752516748034453,1.1020112258379406,1.3750985082215366,1.2459955956720636,1.305236697984268,1.0820883004505835,0.0,1.8162858561509891,0.8398815667543114,0.6426137495620393,30,31,161.0,286.0,import_returnee,2008,2005,1.0,2.0
lindbl001jos,kbo_to_mlb,1,2019,2020,Josh Lindblom,0.43944241546596446,0.9145080837283813,0.5993857158078578,1.1615259615236513,0.903294776099206,1.012837178540232,0.922595946528676,0.9067681064572426,1.4174996814721985,1.1617057326920455,32,33,773.0,191.0,import_returnee,2015,2012,5.0,2.0
linton001dou,mlb_to_kbo,2,2001,1999,Doug Linton,0.6301760167520575,,0.673419092397908,,0.9645512277317453,,0.9773197076891723,,1.0792919579189313,,36,34,321.0,264.0,import_returnee,2001,1993,1.0,4.0
lively001edw,mlb_to_kbo,1,2019,2018,Ben Lively,0.6452303964081644,1.2209811516529125,0.9476967133197665,1.3603177346997573,0.9144989717041345,1.276260380219954,0.9298131247283788,0.9144642361003921,1.424809001863612,0.8366092804787939,27,26,236.0,290.0,import_returnee,2019,2017,2.0,5.0
lopez-001aqu,mlb_to_kbo,1,2009,2008,Aquilino López,0.49887635224293575,0.7345079865791875,0.6506600904004716,0.8218306959832384,1.0505031444331414,1.0667640771399982,0.27116624024354696,1.0063449326353728,0.9704187434569651,1.011792244337389,34,33,802.0,344.0,import_returnee,2009,2003,3.0,2.0
manshi002jef,mlb_to_kbo,1,2017,2016,Jeff Manship,0.8688053097345133,1.4240126355714904,0.7395518858430945,0.7449142241181598,0.9257484198096825,0.9240361023878859,0.5384615384615384,1.2185911401597675,1.0224797682086122,0.9019058857445805,32,31,478.0,189.0,import_returnee,2017,2016,1.0,1.0
mathis001dou,mlb_to_kbo,2,2011,2009,Doug Mathis,1.3042428861788617,0.6544335768057538,0.6085636848626818,0.7338195214895566,0.9467671753577613,0.9746134450279236,0.1960847975553858,0.8628866359787091,0.689824302079484,0.809494064370786,28,26,272.0,172.0,import_returnee,2011,2009,1.0,1.0
mccart000kir,mlb_to_kbo,1,2023,2022,Kirk McCarty*,0.906620160371477,1.002137932874243,0.8192305521179357,1.1458242623385364,0.9901276127078498,1.067810200302275,1.1207377643841734,2.415108811664466,1.2048661638691396,0.7294303007439543,27,26,543.0,159.0,import_returnee,2023,2022,1.0,1.0
mcguir005wil,mlb_to_kbo,1,2019,2018,Deck McGuire,1.5099321896715097,1.7337472473564899,1.2118144442247887,1.4859241737302058,0.9835626961297071,0.9690222812473399,1.3929036458333333,1.6855590792528414,1.1323239643043252,0.8376596373908827,30,29,512.0,354.0,import_returnee,2019,2018,1.0,1.0
mengde000dan,mlb_to_kbo,2,2021,2019,Daniel Mengden,0.6635575822980988,1.2185638928545504,0.8111484863046613,1.0739942639785895,0.9689530910259962,1.0068034810167115,1.157566624692938,0.7410878893833439,1.1394015933128998,0.7035861390086924,28,26,502.0,260.0,import_returnee,2021,2016,1.0,4.0
montgo001mic,mlb_to_kbo,2,2021,2019,Mike Montgomery*,1.4822042669693836,0.9924548381089207,1.2089232247809854,1.100303189401142,0.8412943592259101,1.247149265210852,0.5953877516350972,1.2325129077164354,1.2397098830142326,0.7475915265230952,31,29,244.0,804.0,import_returnee,2021,2015,1.0,5.0
nieve-001fer,mlb_to_kbo,1,2011,2010,Fernando Nieve,1.261245867953185,1.398514524157825,1.4716307168937048,1.4733463752090954,1.1511447421746073,0.8720825304319219,0.732624518338804,2.1742666143273124,1.0631632787543697,1.110989016183443,28,27,364.0,185.0,import_returnee,2011,2006,1.0,3.0
nipper001dus,mlb_to_kbo,1,2011,2010,Dustin Nippert,0.8751931293886989,1.5261374665081051,0.6164584999465609,1.053009321105324,0.8580780761622645,1.0152105793196036,0.559214311245766,1.0746852158602556,1.152720819333345,0.9702741558572755,30,29,763.0,262.0,import_returnee,2011,2007,8.0,4.0
noesi-001hec,mlb_to_kbo,1,2016,2015,Héctor Noesí,0.6300305933147561,1.4403910592356552,0.6569740471001944,1.7415545510471553,0.961898801083709,1.161069064408256,0.3133034607269484,1.7002907461249284,0.9469573097736246,0.7005440214861782,29,28,868.0,154.0,import_returnee,2016,2011,3.0,4.0
obermu001wes,mlb_to_kbo,1,2008,2007,Wes Obermueller,0.8661401290267269,1.5191243236519683,1.4139732443187087,1.4700736071933458,1.0839406801156637,1.0861551459634926,1.6593236484877352,0.9581400040346985,0.9101408901270277,0.7377520270899997,31,30,364.0,278.0,import_returnee,2008,2003,1.0,4.0
ogando001ale,mlb_to_kbo,2,2017,2015,Alexi Ogando,0.7948113646949232,1.3189565188838703,0.7904143475572046,1.01010163960735,0.9565486961830498,0.9288961450394835,0.6192712550607287,1.6204937074981265,0.88536485584027,0.9382737616295023,33,31,475.0,277.0,import_returnee,2017,2010,1.0,5.0
oh----000seu,mlb_to_kbo,2,2020,2018,Seunghwan Oh,0.7954628438537459,0.7322916152857493,0.5557635144852189,0.6356298529277429,0.9152921448709799,0.8565963385133035,0.4135083934691911,0.9678636075515098,1.1152138849133328,1.2953986628662588,37,35,201.0,548.0,posted_from_kbo,2005,2016,12.0,3.0
oller-000ada,mlb_to_kbo,1,2025,2024,Adam Oller,0.8285883397454867,1.4225634493569383,0.8411706278432943,1.305228704880211,0.8803428048216045,1.042351426225067,0.6066574578153354,1.2392023418981057,1.3845632988435788,0.8435611931983026,30,29,620.0,189.0,import_returnee,2025,2022,2.0,2.0
paddac000chr,mlb_to_kbo,1,2026,2025,Chris Paddack,0.48039489042751804,0.656862187534271,0.6316334407053898,1.2897930813919782,0.8418870890337119,1.1291535248169935,0.8641338615055649,1.4980071324791968,1.3690190828091018,0.7523354564366016,30,29,244.0,1340.0,import_returnee,2026,2019,1.0,6.0
paddac000chr,kbo_to_mlb,0,2026,2026,Chris Paddack,0.48039489042751804,0.7984460570554697,0.6316334407053898,1.624756027722263,0.8418870890337119,1.313268026494381,0.8641338615055649,1.1112408282782482,1.3690190828091018,0.678357678533163,30,30,244.0,534.0,import_returnee,2026,2019,1.0,6.0
park--001cha,mlb_to_kbo,2,2012,2010,Chan Ho Park,1.0323853081571708,0.8037571210619285,1.3235107880645829,1.1455075220866526,1.0844440131124913,1.0195209438502684,1.3131760339342522,1.3022136377176168,0.7482698623709728,1.0117109367365316,39,37,552.0,556.0,import_returnee,2012,1996,1.0,13.0
parson000wes,mlb_to_kbo,2,2021,2019,Wes Parsons,1.039151874115359,2.1674856692907074,0.8385933599014355,1.2130842663147587,0.8430059821404682,0.9043079954722056,0.7553272689720818,1.0519536919363208,1.4106949202902148,0.7212984985894388,28,26,577.0,314.0,import_returnee,2021,2019,2.0,1.0
pino--001yoh,mlb_to_kbo,2,2016,2014,Yohan Pino,0.8421104942981341,0.7118861206029039,1.3836337042807072,1.3573682776448288,1.284472987745239,1.1311841483630916,0.813604798536997,1.3624521753945416,0.7120816502437245,0.9520353366298896,32,30,191.0,258.0,import_returnee,2016,2014,1.0,1.0
plutko001ada,mlb_to_kbo,1,2022,2021,Adam Plutko,0.669810262935759,1.2189006994465508,0.5886889496658686,1.5758421871597457,0.848557420543135,1.1737859564857245,1.041186993731574,2.0392328398384927,1.2367906371309794,0.7443947715519948,30,29,644.0,255.0,import_returnee,2022,2018,2.0,3.0
procto001sco,mlb_to_kbo,1,2012,2011,Scott Proctor,1.0049891242994562,1.902392088034988,0.4681766988609036,1.81452725118895,0.8388308380120606,1.0902322325015799,0.0,2.2271059028233173,1.2201430994942037,0.7749620316418373,35,34,229.0,402.0,import_returnee,2012,2005,1.0,5.0
raley-001bro,kbo_to_mlb,1,2019,2020,Brooks Raley*,0.962543448497641,0.7797814463933965,0.9311512900374987,1.1138736143842194,1.0218377246110797,0.7128329689102596,0.6935394988492333,1.0309089781746033,1.026105964112946,1.3715468094077103,31,32,791.0,168.0,posted_from_kbo,2015,2020,5.0,5.0
ranaud001ant,mlb_to_kbo,1,2017,2016,Anthony Ranaudo,1.3982792527040315,1.620339482980203,1.3677663242167615,2.2664411499765285,1.1381372033668422,1.0409174901733735,1.6644507755618867,2.178937800285677,0.6548410956887772,0.5644377894229329,27,26,243.0,302.0,import_returnee,2017,2014,1.0,2.0
reddin001tim,mlb_to_kbo,1,2010,2009,Tim Redding,0.7393409114778997,1.0720245258151393,1.1115057649823188,1.1828083546379817,1.1233377419417998,0.9988419306698877,0.5492440747342708,1.2721414404714684,0.735322494359547,0.8062252502441839,32,31,153.0,525.0,import_returnee,2010,2001,1.0,8.0
reyes-015jos,mlb_to_kbo,2,2013,2011,Jo-Jo Reyes*,1.2505205320109585,0.9236716252509469,1.1204779888658312,1.4145089138970732,0.9014588303547116,1.2033714651162526,1.1236396584003285,1.3332313169503933,1.0366062975762567,0.7290204447426332,28,26,751.0,1282.0,import_returnee,2013,2007,2.0,3.0
rodrig001ane,mlb_to_kbo,2,2013,2011,Aneury Rodríguez,1.2434011909707796,1.0696901748615302,1.0179286155412763,1.340074446984027,0.8485607013588887,0.9858181211286644,1.3555877645922036,1.4337097127561784,1.065316113522813,0.9316056046201845,25,23,249.0,369.0,import_returnee,2013,2011,1.0,1.0
rodrig004elv,mlb_to_kbo,1,2026,2025,Elvin Rodríguez,0.9119266786159022,0.9251302280888081,0.9033384056863162,2.2046949894691585,0.9698601528844518,1.316589986767873,1.403430081253412,3.237628318584071,1.319385256742123,0.9001156353795055,28,27,631.0,180.0,import_returnee,2026,2025,1.0,1.0
rogers001esm,mlb_to_kbo,1,2015,2014,Esmil Rogers,0.7297142974721963,1.1040779791245887,0.6101083032490974,1.5295891132154802,0.8609930924839647,1.0945301165529464,0.2537338794784195,1.7401616893653056,1.0899039852891839,1.0700500140022282,29,28,296.0,404.0,import_returnee,2015,2010,3.0,6.0
rogers001esm,kbo_to_mlb,0,2015,2015,Esmil Rogers,0.7297142974721963,1.1939573716693859,0.6101083032490974,1.5860460436607224,0.8609930924839647,1.1686577511037348,0.2537338794784195,1.2224312553839354,1.0899039852891839,0.9935820435457561,29,29,296.0,153.0,import_returnee,2015,2010,3.0,6.0
rogers001esm,mlb_to_kbo,1,2016,2015,Esmil Rogers,0.804215522054718,1.1939573716693859,0.8318391610662773,1.5860460436607224,1.0387139423076923,1.1686577511037348,0.728430546190155,1.2224312553839354,0.8870060556296829,0.9935820435457561,30,29,160.0,153.0,import_returnee,2015,2010,3.0,6.0
rucins000dre,mlb_to_kbo,1,2019,2018,Drew Rucinski,0.7210719572613602,0.9963417622795412,0.7310803217038199,1.0448915271005583,0.9494050106176557,0.9965099262724695,0.9756041951664386,0.430510760501808,0.9437788576899306,0.7877165303209422,30,29,731.0,154.0,import_returnee,2019,2018,4.0,1.0
ryu---000hye,kbo_to_mlb,1,2012,2013,Hyun Jin Ryu*,0.6868142880089834,0.7902540495083362,0.6962070219955441,0.7769294202098943,0.9311867458154923,1.020876567209523,1.0773443211271347,0.7598430277816822,1.7378474604512577,0.9904853650840368,25,26,734.0,783.0,posted_from_kbo,2006,2013,10.0,8.0
ryu---000hye,mlb_to_kbo,1,2024,2023,Hyun Jin Ryu*,0.5286096110838379,0.7273847904418737,0.7877996195307546,0.8001956196065322,1.1019729659917417,1.066635359058043,0.7037879889635621,1.2605718667835235,1.0516839267927236,0.7464074892199071,37,36,679.0,224.0,posted_from_kbo,2006,2013,10.0,8.0
sampso000adr,mlb_to_kbo,1,2020,2019,Adrian Sampson,0.6503919930085543,0.750329454451588,1.1353454653055186,1.3101801701028701,1.1834981289246602,1.2293689734183648,0.986112389171444,1.4178641679650883,0.8475334726414365,0.7813656436762353,28,27,590.0,563.0,import_returnee,2020,2019,1.0,2.0
sampso000adr,kbo_to_mlb,2,2020,2022,Adrian Sampson,0.6503919930085543,0.7732167767485847,1.1353454653055186,0.7837923489479007,1.1834981289246602,1.0828469314633893,0.986112389171444,0.8156378527074131,0.8475334726414365,0.7608283160257977,28,30,590.0,428.0,import_returnee,2020,2019,1.0,2.0
sampso001key,mlb_to_kbo,2,2018,2016,Keyvius Sampson,1.3834930719737935,1.7569478915186933,0.9040555635958967,1.0395130698146071,0.8069094180259945,0.9289511880388853,0.7836177203459304,1.5750938673341677,1.47678749009804,1.0578204670568085,27,25,703.0,188.0,import_returnee,2018,2015,1.0,2.0
saupol000war,mlb_to_kbo,1,2019,2018,Warwick Saupold,0.7808942233452656,0.9711179201965148,0.8425795735407976,1.0753252608996038,0.997868691564647,1.1712516147588183,0.5418170307059196,1.2588352617204763,0.9662497828730241,0.45497738647698116,29,28,810.0,158.0,import_returnee,2019,2017,2.0,2.0
seabol000con,mlb_to_kbo,1,2024,2023,Connor Seabold,0.6562017019533359,0.7986970247989202,0.6993411144578313,1.739051090854807,0.837123563618857,1.2816987222421474,1.2613515503558863,1.4610549741368941,1.2605637119063404,0.7225286118558027,28,27,663.0,408.0,import_returnee,2024,2023,1.0,2.0
seabol000con,kbo_to_mlb,2,2024,2026,Connor Seabold,0.6562017019533359,1.0732430524356589,0.6993411144578313,1.256352044692215,0.837123563618857,1.2035785917871846,1.2613515503558863,0.573335847633415,1.2605637119063404,0.7874847833406718,28,30,663.0,230.0,import_returnee,2024,2023,1.0,2.0
seo---002jae,mlb_to_kbo,1,2008,2007,Jae Weong Seo,0.7855167604288635,0.7568397168015183,0.9927181743845317,1.8231279574003343,1.1155408607875452,1.420469028256019,1.2219527908516616,1.687783486369878,0.8793268715512984,0.6615969791323223,31,30,346.0,248.0,import_returnee,2008,2003,8.0,5.0
smith-002tra,mlb_to_kbo,1,2003,2002,Travis Smith,1.0168816469915312,0.9415432398996574,0.984730961481917,1.6778643508373239,1.0158856347508443,1.2195478505769073,0.5263107036177039,1.511792001918347,0.8364584252550921,0.7795788482084391,30,29,662.0,244.0,import_returnee,2003,2002,1.0,2.0
smith-002tra,kbo_to_mlb,1,2003,2004,Travis Smith,1.0168816469915312,0.7748284223071549,0.984730961481917,1.3907664695607584,1.0158856347508443,1.129263435305392,0.5263107036177039,2.3058643673943617,0.8364584252550921,0.8556431793110189,30,31,662.0,180.0,import_returnee,2003,2002,1.0,2.0
sosa--001hen,mlb_to_kbo,1,2012,2011,Henry Sosa,0.6961034488225875,1.228146714563015,0.9271092670984737,1.3293538514081547,0.9967669070885682,1.0245351213482379,0.9659251608802732,1.2331908718112585,1.0288531389871816,0.8835885949664656,26,25,614.0,231.0,import_returnee,2012,2011,8.0,1.0
strail001dan,mlb_to_kbo,1,2020,2019,Dan Straily,0.6996387483779278,1.093877191953551,0.5249028692337158,2.184601968774631,0.7964230351474759,1.3723879682345006,0.5348467637535869,2.5659943869689634,1.5164303246495028,0.6090364278344007,31,30,777.0,236.0,import_returnee,2020,2012,4.0,7.0
suarez001alb,kbo_to_mlb,1,2023,2024,Albert Suárez,0.7308481515478907,0.9301024258184907,0.9458614273319326,0.9094286786621718,1.1676791179094006,1.054150012033336,0.38114442968305184,1.0067148228871337,1.0361623492607257,0.8465472505193585,33,34,479.0,565.0,import_returnee,2022,2016,2.0,3.0
sulser000bea,mlb_to_kbo,1,2023,2022,Beau Sulser,0.6930242794513795,1.1142652540349975,1.356594627462792,0.9153992732115408,1.2948545243111924,1.1124116091601095,1.6522007404360346,1.0578575786629478,0.8932158466349274,0.856102928728627,29,28,221.0,198.0,import_returnee,2023,2022,1.0,1.0
surkam001eri,kbo_to_mlb,0,2016,2016,Eric Surkamp*,0.9396332560089489,1.304085406225945,1.221297908070874,1.669635329920013,1.1014345190891583,1.2189537162845272,1.0012791012923092,1.3361202348959886,1.0973270791295047,0.5287823847893354,28,28,194.0,197.0,unknown,2016,2016,1.0,1.0
swarza001ant,mlb_to_kbo,1,2015,2014,Anthony Swarzak,0.7825921451151091,0.9717810535214244,1.0799577734624457,1.232339371085661,1.0921745009848018,1.1698152568449478,0.8163611774523062,0.5812047970433064,0.9351060279582561,0.6108137826441291,29,28,414.0,378.0,import_returnee,2015,2009,1.0,7.0
swarza001ant,kbo_to_mlb,2,2015,2017,Anthony Swarzak,0.7825921451151091,0.8499439242047903,1.0799577734624457,0.5349890092493803,1.0921745009848018,0.8401992159419661,0.8163611774523062,0.601016858442601,0.9351060279582561,1.3876334895608053,29,31,414.0,606.0,import_returnee,2015,2009,1.0,7.0
talbot001mit,mlb_to_kbo,1,2012,2011,Mitch Talbot,1.0133476444134926,1.1551043986903564,1.0385010411096407,1.6883534812682524,1.0403212654924983,1.3192174639433834,0.9027063147343801,1.3610467815977099,0.7072687740218784,0.6467103287925654,28,27,584.0,299.0,import_returnee,2012,2010,2.0,2.0
teafor001eve,mlb_to_kbo,2,2014,2012,Everett Teaford*,1.1809666895604396,0.9998169817656452,1.0048370882723276,1.24521707593434,0.9174942806261632,1.1321214810049998,0.7805356433583628,1.5612695951579865,1.1187077256033766,0.6728851179922251,30,28,455.0,263.0,import_returnee,2014,2011,1.0,2.0
thomas001bra,kbo_to_mlb,1,2009,2010,Brad Thomas*,0.9614293752224787,1.1109017503859535,0.6004475339291625,0.9562584646789801,0.892306685687717,1.0936539876752114,0.35710233936834923,0.5240903239746616,1.6643161341940358,0.5285435487586241,31,32,203.0,307.0,posted_from_kbo,2008,2010,2.0,1.0
thomps000jak,mlb_to_kbo,2,2019,2017,Jake Thompson,1.009020625670849,1.2263476620669116,1.137840968779456,0.8929312960133542,0.855869493676837,1.0450753794352041,0.8218572937674061,1.300772200772201,1.3028086960085719,0.7700603431079194,25,23,267.0,210.0,import_returnee,2019,2016,1.0,2.0
turner002jac,mlb_to_kbo,2,2019,2017,Jacob Turner,0.9515097679417103,1.0328863998691904,1.3105409419064562,1.1669161979524945,1.0609132355871218,1.1102389030941051,0.9219995690583925,1.4282988871224165,0.9824892750221507,0.625107807934664,28,26,714.0,170.0,import_returnee,2019,2012,1.0,4.0
valdez001lui,mlb_to_kbo,2,2014,2012,Jairo Asencio,0.7125848074737141,1.35947903615862,0.7770162656726534,1.2252403314006342,0.9411334247324733,0.9758126076191834,0.9531500744177539,1.0665296195494818,1.620043924317933,0.8378930277431347,31,29,207.0,350.0,import_returnee,2014,2012,1.0,1.0
velasq001vin,mlb_to_kbo,2,2025,2023,Vince Velasquez,1.1711051002481803,1.0057666238208622,1.9098578826461081,0.8916465475615644,1.2215804444048362,0.9739600762887326,1.9589980408620207,0.7746724229341816,0.8465771649733913,1.0049098880205636,33,31,168.0,162.0,import_returnee,2025,2015,1.0,9.0
venezi000ant,mlb_to_kbo,1,2026,2025,Anthony Veneziano*,0.9166479238656062,1.118289286700757,1.312951854989279,1.127334037948563,1.1274195829398588,1.090666261227824,1.5870329413457043,1.1068814764389987,0.9394030033899345,0.9616620036105827,28,27,372.0,234.0,import_returnee,2026,2025,1.0,1.0
verret000log,mlb_to_kbo,2,2018,2016,Logan Verrett,1.0406431059130432,1.2956729387919281,1.0215179800129262,1.244232485860393,1.0045746091537806,1.0753868432962466,1.114208509832845,1.2966289964261566,1.0983627301271384,0.7697300231785644,28,26,698.0,406.0,import_returnee,2018,2015,1.0,2.0
villan001car,mlb_to_kbo,1,2017,2016,Carlos Villanueva,0.6278607490449774,0.5335510384766586,0.840991456106252,1.4249560383281314,0.9256049818766472,1.2105304733852513,0.9571166360754212,1.7424714434060227,0.8382858897707897,0.8997986290021867,33,32,461.0,321.0,import_returnee,2017,2006,1.0,11.0
volsta001chr,mlb_to_kbo,2,2014,2012,Chris Volstad,0.9508165575681492,1.0619827413156457,1.190829525935101,1.5737368328469223,1.124862906653865,1.1831845075441219,0.7699592796272197,1.1780208815536684,0.4673854945418985,0.6083457846125256,27,25,410.0,507.0,import_returnee,2014,2008,1.0,6.0
wang--002wei,kbo_to_mlb,1,2018,2019,Wei-Chung Wang*,0.8007373712854394,1.273491981048109,0.8228931523543043,0.8397797890719683,1.0825032433086532,0.9286244168620832,0.8430542437542826,0.8535231505633197,0.9349477873521249,0.6077488243928904,26,27,615.0,258.0,posted_from_kbo,2018,2019,1.0,1.0
webste001car,mlb_to_kbo,2,2016,2014,Allen Webster,1.5506924938080717,1.4182750510853221,1.103260859160673,1.347218465000426,0.8766289095519865,0.9902328066049667,1.195373204004357,0.5089469033568412,1.0735047647620777,0.6828188576539316,26,24,325.0,259.0,import_returnee,2016,2014,1.0,1.0
white-000mit,mlb_to_kbo,1,2025,2024,Mitch White,0.8557541420556098,1.444313386392561,0.6670025015584142,1.7743756985216612,0.8624226594707877,1.0828995578160634,0.7529245139256165,1.216671390227231,1.2382320811532521,0.5233913766889469,30,29,562.0,220.0,import_returnee,2025,2021,1.0,3.0
wilson005phi,mlb_to_kbo,2,2018,2016,Tyler Wilson,0.6253944817459755,0.7091920635652482,0.593629388514299,1.2591339722091826,0.9033488217406397,1.160067063323922,0.5173495971514624,1.192100028417164,1.1513457573242485,0.6290466775573614,28,26,689.0,414.0,import_returnee,2018,2016,3.0,1.0
wolf--001ros,mlb_to_kbo,1,2014,2013,Ross Wolf,0.7815220739738203,0.9150679100340541,0.930800734920366,1.0757484279829308,0.9611844844655042,1.2306123168034526,1.0840772824421705,0.958062948072556,0.6745149522020358,0.5109025302113313,31,30,364.0,207.0,import_returnee,2014,2013,1.0,1.0
wright000den,mlb_to_kbo,1,2020,2019,Mike Wright Jr.,0.9648415700881211,0.9579035892431839,0.984126090433959,1.7749890996293876,0.9852302202039896,1.3280101260038257,0.7165102335112707,1.1235151675782473,1.032263073181826,0.8888843349964043,30,29,696.0,294.0,import_returnee,2020,2015,1.0,4.0
yang--000hye,kbo_to_mlb,1,2020,2021,Hyeon-jong Yang*,0.914462379207738,1.1511839939217425,0.9882117202852677,1.3160335246765351,1.0088736839334649,1.2087738071117415,0.7241939893666196,1.7206027086137283,1.1479872358310788,0.6740790722505635,32,33,746.0,160.0,posted_from_kbo,2007,2021,19.0,1.0
yang--000hye,mlb_to_kbo,1,2022,2021,Hyeon-jong Yang*,0.7638977993387915,1.1511839939217425,0.9487006903935322,1.3160335246765351,1.0002698939549115,1.2087738071117415,0.9718751356749012,1.7206027086137283,1.0144393490388273,0.6740790722505635,34,33,743.0,160.0,posted_from_kbo,2007,2021,19.0,1.0
