player_register_id,direction,gap_years,kbo_season,mlb_season,player,kbo_rel_avg,mlb_rel_avg,kbo_rel_babip,mlb_rel_babip,kbo_rel_bb_pct,mlb_rel_bb_pct,kbo_rel_hr_pct,mlb_rel_hr_pct,kbo_rel_iso,mlb_rel_iso,kbo_rel_k_pct,mlb_rel_k_pct,kbo_rel_obp,mlb_rel_obp,kbo_rel_slg,mlb_rel_slg,kbo_age,mlb_age,kbo_PA,mlb_PA,cohort,first_kbo,first_mlb,n_kbo,n_mlb
adduci001jam,kbo_to_mlb,2,2016,2018,Jim Adduci*,1.0066289985318324,1.0770360240958514,1.0572058304780372,1.1539411537048743,0.7095649817716031,0.3827940907884807,0.9997545714172384,0.5375566793292845,1.2337136547662866,0.7389303131263975,1.282613535509657,1.0928679790038298,0.9225288027731963,0.910334361803329,1.0833223609398752,0.9436876628266095,31,33,272,185,posted_from_kbo,2015,2018,2.0,1.0
alther001aar,mlb_to_kbo,2,2020,2018,Aaron Altherr,1.0190696168587188,0.7302834226948844,1.0679121436672323,0.8342002985375834,0.8980121622199154,1.4908822483340827,2.359455413747417,0.9305074683126796,1.9298173784256838,0.942957906933,1.568467689928877,1.4345756277995692,1.008692079234042,0.9264256742562578,1.3228463583072367,0.8141619051837415,29,27,546,285,import_returnee,2020,2015,2.0,4.0
asuaje000car,mlb_to_kbo,1,2019,2018,Carlos Asuaje*,0.9419359806966655,0.7895596745370016,0.9113786812800837,0.8222923467451874,1.56981068179302,1.2993927852453016,0.5655462697492832,0.3041222803544882,0.9920268733718569,0.5242700331982704,0.7172034403657404,0.948043476179673,1.0561029729383673,0.8980657046361682,0.9572418987712235,0.6849298567418778,27,26,194,218,import_returnee,2019,2017,1.0,2.0
brown-004and,mlb_to_kbo,2,2015,2013,Andrew Brown,0.9321358002178279,0.8942706229856111,0.9174666888823614,0.9174308807243196,1.3223510949869097,0.9949283821824805,1.9506820115688417,1.6827069233419802,1.5623556246543127,1.2120706836779096,1.2668368709440307,1.3429437936983564,1.0096668777127262,0.9078747004452693,1.1524439978097933,1.0089000941648187,30,28,539,165,import_returnee,2015,2013,1.0,1.0
camero000daz,mlb_to_kbo,2,2026,2024,Daz Cameron,1.0712603196761572,0.8220726715717048,1.0229060828610375,0.8604742508001163,1.0180922402806694,0.8541638306622672,1.208686598640905,0.8994210546034639,1.3750204195374134,0.8299256985351732,0.8674255158690496,1.2143199434346532,1.0401577525191408,0.8268364914098953,1.1733749074062296,0.8251399992258522,29,27,314,186,import_returnee,2026,2024,1.0,1.0
cave--000jak,mlb_to_kbo,1,2025,2024,Jake Cave*,1.1439373954968266,1.0307722352524473,1.1217183250547853,1.1524903992616942,0.7925718719171123,0.6357804591056627,1.26853594199328,0.6769053254876936,1.2866342799604868,0.9331700438074916,0.993604020784332,1.2543706182096148,1.0362284024438047,0.9286931606415492,1.1906044286610546,0.9926496231288449,32,31,593,346,import_returnee,2025,2018,1.0,6.0
choi--001hee,mlb_to_kbo,2,2007,2005,Hee-Seop Choi*,1.2819678978290485,0.9570945619558545,1.290795536178751,0.9760480786317516,0.8825047152018107,1.131831450619137,1.76480020690547,1.513538750855786,1.651521871316161,1.294939665239393,1.1645791963319934,1.3215722774300096,1.135932249568613,1.0173924495289186,1.3949321207224739,1.0816513378826367,28,26,220,368,import_returnee,2007,2003,7.0,3.0
choo--001shi,mlb_to_kbo,2,2021,2019,Shin-Soo Choo*,1.0193542952214476,1.0491399405533819,1.0354107408912365,1.1173373413114784,1.6901131282627526,1.3867831507907002,1.7532830087546902,1.0009498765697111,1.5096874012826587,1.0408679273015184,1.1663169126499913,1.0888833103705953,1.1798182082006947,1.1503499226720963,1.1774759487153876,1.0456665579398015,38,36,580,660,import_returnee,2021,2006,4.0,13.0
franco001jul,kbo_to_mlb,2,2000,2002,Julio Franco,1.2098586420233903,1.0868276737981075,1.173919916904964,1.1823926211176623,1.2226183255736833,1.1696769544236476,1.5005018053063566,0.577875585067483,1.212509705537869,0.6285738147217389,0.9519241271998192,1.1640252057942588,1.1595425599425107,1.0777472514290376,1.2108064549243436,0.9159962464875145,41,43,549,383,import_returnee,2000,1983,1.0,19.0
garcia004ado,mlb_to_kbo,1,2018,2017,Adonis García,1.1855460792491586,0.9294900382640747,1.051092102790424,0.8230058079763887,0.5378739502505955,0.44777224620923006,1.2584426211380675,0.8292718948456653,1.1007164336294226,0.6424867132901412,0.6461175040695308,0.5807012423436769,1.0864958067821335,0.8420848446839155,1.1546354792589697,0.8143012454423116,33,32,206,183,import_returnee,2018,2015,1.0,3.0
garko-001rya,mlb_to_kbo,2,2011,2009,Ryan Garko,0.919404532753454,1.0225967282418895,0.9250477302664837,0.9351230742514607,1.0433180894308944,0.8160786702767748,0.2424144037780401,1.205884073780246,0.4930029103051026,0.9820659135903109,0.9061120917917034,0.6961648953588759,0.9644730368844663,1.0339067368461838,0.7878954399351311,1.0075268817204301,30,28,220,800,import_returnee,2011,2006,1.0,4.0
goodru001car,mlb_to_kbo,2,2023,2021,Niko Goodrum#,1.1191810439924106,0.8768581948515156,1.2549485231907065,1.0324739456280154,1.2518051764523686,1.0272103330378624,0.0,0.8470659488559893,0.8375240936380033,0.867460300252655,1.29072790510836,1.4203364574682642,1.1023782972931144,0.9218464755317866,1.035981606902499,0.8730384856428538,31,29,201,325,import_returnee,2023,2018,1.0,4.0
healy-000ryo,mlb_to_kbo,2,2021,2019,Ryon Healy,0.9900266352693919,0.9382721679544959,1.0139101057579318,0.8779079110304474,0.5681875753614818,0.8157547945827649,1.2648061505941794,1.0303895788217616,1.1050172937192677,1.1990443949354603,1.1902348301645946,0.9316648644882098,0.8834333708360891,0.8948700478889777,1.0271085961357695,1.0477692990303331,29,27,268,187,import_returnee,2021,2016,1.0,4.0
heredi001gui,mlb_to_kbo,2,2023,2021,Guillermo Heredia,1.2280231751206365,0.900970635957956,1.1744517490933546,0.966239767983954,0.815770286658086,1.0616105995820102,1.3962901343398475,0.4407563774867059,1.244444824651077,0.8051602630760396,0.8087839042941444,1.0070391673045882,1.1376037187468482,0.9815504714444322,1.2328740122659698,0.8620291730874583,32,30,523,347,import_returnee,2023,2017,4.0,4.0
hillia000sam,mlb_to_kbo,2,2026,2024,Sam Hilliard*,1.1208061094611794,0.9829129768792123,1.15585106532185,1.0697787982920364,1.042437924287381,1.0828834542573242,2.7501999418351026,2.1176242551423328,2.032580223778519,1.7194442173208961,1.4616606194049908,1.5696644987360822,1.0629366336583794,0.9778415324547219,1.4273158776268915,1.2705960133006784,32,30,552,158,import_returnee,2026,2021,1.0,3.0
joseph001tho,mlb_to_kbo,2,2019,2017,Tommy Joseph,1.0264851432576514,0.9428633366712248,1.0077745033385541,0.9330297992764663,0.7556905019053247,0.7247645657618709,2.275216099037439,1.2527762283859845,1.2960222844745874,1.1227293070625701,1.2289407645591142,1.1182489785469598,0.9842456006945263,0.8904928740293472,1.1088456918761076,1.0150525491166755,27,25,217,533,import_returnee,2019,2016,1.0,2.0
kang--000jeo,kbo_to_mlb,1,2014,2015,Jung Ho Kang,1.2322928546625305,1.1296028922819268,1.2064723572961382,1.1506557399371335,1.4300461576846308,0.7823360936420387,3.1505319825065876,1.2014902488677224,2.4957062991232646,1.1548705631911476,1.2670018458577164,1.0395653252460846,1.2586426444124055,1.1220677558737533,1.6700633223006418,1.138980004869584,27,28,501,467,posted_from_kbo,2008,2015,7.0,3.0
kim---001ha-,kbo_to_mlb,1,2020,2021,Ha-Seong Kim,1.121002261461764,0.8295034028859933,0.9696757780995812,0.8257343735853416,1.285250875258826,0.8498673780630314,2.004350154402172,0.8211675865121447,1.594007316519727,0.8973193760416266,0.6283483501119937,1.027857484666631,1.1399727830034965,0.8523473813594044,1.2787714489116084,0.8570667357614591,24,25,622,298,posted_from_kbo,2015,2021,6.0,5.0
kim---004hye,kbo_to_mlb,1,2015,2016,Hyun Soo Kim*,1.1658919629274123,1.1812780649874597,0.9917771316252962,1.1509232259863653,1.731300415103232,1.2728562759364714,1.668916832120009,0.5705542332539951,1.428874553511255,0.7283498408314646,0.5376575381408131,0.6979343956881834,1.2289484813946652,1.186327567352084,1.2578237275008246,1.0054313330957954,27,28,630,346,posted_from_kbo,2007,2016,18.0,2.0
kim---004hye,mlb_to_kbo,1,2018,2017,Hyun Soo Kim*,1.2668450092724401,0.9064987407230283,1.1446448030387866,0.9593520795573074,1.132353900049199,1.0775439708537717,1.268293444004119,0.12699310188849938,1.3878790593003534,0.3587270650917396,0.6355469711262406,0.889274705848476,1.1753931203098746,0.9453286924481031,1.3109479296403512,0.6866505627841379,30,29,511,478,posted_from_kbo,2007,2016,18.0,2.0
kim---016hye,kbo_to_mlb,1,2024,2025,Hyeseong Kim*,1.1754856689009843,1.13968300048064,1.077560493668308,1.3634471711243288,0.9015514587531048,0.4897748266352513,0.7725468696725071,0.5713461738677772,0.9238804277101367,0.6659200772789429,0.5783819148558356,1.376647442345126,1.0878009711167842,0.9951102186243491,1.0901174737469128,0.9536517150926442,25,26,567,170,posted_from_kbo,2018,2025,7.0,1.0
lagare001jua,mlb_to_kbo,1,2022,2021,Juan Lagares,1.212237821544501,0.9689470709367671,1.0377603277569134,1.007525055184174,0.7866828670696685,0.422452841806144,1.531934115070493,0.5612567449096769,1.2498832742580521,0.8141213173892233,0.47630581187835086,1.0026668524240798,1.085289878832707,0.8396809187261997,1.224088421448601,0.9060192150917716,33,32,202,327,import_returnee,2022,2013,1.0,7.0
lee---000dae,mlb_to_kbo,1,2017,2016,Dae-ho Lee,1.120328309138478,0.9924600181196754,0.9989674525062945,0.9800953600225888,1.0348378551467163,0.7718336338486139,2.0560294968189705,1.4530834415785243,1.3991691678628906,1.0777665310248699,0.7851078765952748,1.1053326076081058,1.108700301962758,0.9711419675957911,1.2171894832275612,1.0255797724282212,35,34,608,317,posted_from_kbo,2002,2016,16.0,1.0
lee---009jun,kbo_to_mlb,1,2023,2024,Jung Hoo Lee*,1.2079574369650705,1.0771986730939582,1.0428955143701317,0.9386991826910359,1.3851285454307805,0.7734881816123745,0.9434880365112922,0.4235248510284665,1.234872172153761,0.4422801528243868,0.3351890296211632,0.3643864014923048,1.1985444247262296,0.9936429038383157,1.2159078561338692,0.829204728286078,24,25,387,158,posted_from_kbo,2017,2024,7.0,3.0
machad001dix,mlb_to_kbo,2,2020,2018,Dixon Machado,1.0257670217480919,0.8292470640881163,0.9383357242658384,0.8408974749869859,1.0278334856712728,0.7091821853663555,0.8905041400272509,0.1422717963890095,1.0398539640919189,0.520901475741973,0.615807784300935,0.7905964349779732,1.0215048270930174,0.8264527066371635,1.0304656722666705,0.7076360484307286,28,26,560,233,import_returnee,2020,2017,2.0,2.0
martin001alb,mlb_to_kbo,1,2004,2003,Al Martin*,1.0903978653725557,0.9540944189374232,1.0673616632800305,1.0473692998017323,1.2930907619292888,0.7773485239898308,0.9172582076308784,0.41859795177332837,1.0644084075123519,0.6655415244073004,0.8588591543136996,1.2030087365028166,1.1055110480916932,0.9207155316622666,1.081707515747611,0.8461899957573014,36,35,420,258,import_returnee,2004,1993,1.0,10.0
martin005man,mlb_to_kbo,2,2001,1999,Manny Martínez,1.0150548629673608,,0.924257160856008,,0.8756365305952083,,1.7823704333050128,,1.5073287299125244,,0.9388613349573001,,0.9752938940053434,,1.1861478708682387,,30,28,550,357,import_returnee,2001,1998,3.0,2.0
martin007jas,mlb_to_kbo,2,2023,2021,Jason Martin*,1.0734754760024567,0.8544653108432108,1.06445636754176,0.8396553612500456,1.239686395247194,0.598017659180126,2.0567288907249144,1.1917594518536645,1.5613326314587785,0.8734843301155207,1.1997443623115869,1.1485607049256354,1.0631047006977017,0.7832682471838709,1.217584970418192,0.8621954595791805,27,25,503,154,import_returnee,2023,2021,1.0,1.0
martin007nic,kbo_to_mlb,2,2022,2024,Nick Martini*,1.139720395618602,0.8727483842028373,1.0590892076328529,0.8442388875774726,1.005010775862069,0.6747853952471145,1.432642089093702,1.0263332279524189,1.3800454104444022,1.0102769244310483,0.7980694988378387,1.0324567978101924,1.0936116906929692,0.8702198875641182,1.2153735062165323,0.9264658993264827,32,34,576,163,import_returnee,2022,2018,1.0,3.0
oleary001tro,mlb_to_kbo,1,2004,2003,Troy O'Leary*,0.9961855817074825,0.8265162763285494,0.9246857985879378,0.7899912991462287,1.0205275130912526,0.8513592688451389,1.78355762594893,0.9278202023841815,1.6997299576890859,0.8739248706699998,0.9756338638914396,0.9724746184100997,0.9973632281696797,0.825727302416858,1.2314366068281624,0.8442447313992386,34,33,240,194,import_returnee,2004,1995,1.0,9.0
palka-001dan,mlb_to_kbo,2,2020,2018,Daniel Palka*,0.7667854770165246,0.9671837350929633,0.7923395158941345,1.04206596130023,0.8841578371365787,0.7886069799094536,1.5320501333802166,1.9933894678914448,1.1584176148335439,1.5148197991601102,1.5362086662130852,1.530988772368394,0.7799060733593851,0.9240676069975718,0.8974130115469222,1.183170538468459,28,26,217,449,import_returnee,2020,2018,1.0,1.0
park--000byu,kbo_to_mlb,1,2015,2016,ByungHo Park,1.2253395480449232,0.746809009234994,1.2349534709890122,0.7669635118906925,1.3542405908467228,1.0528886271578326,3.1996516435741325,1.6181292189006748,2.4688433056811547,1.3489528382841145,1.3916859106217188,1.5524609508718188,1.2222049852539214,0.8538700219310734,1.6600356031692316,0.9805878263187191,28,29,622,244,posted_from_kbo,2005,2016,14.0,1.0
park--000byu,mlb_to_kbo,2,2018,2016,ByungHo Park,1.2072492211838004,0.746809009234994,1.172627594350654,0.7669635118906925,1.7155141837682926,1.0528886271578326,2.8553495742932897,1.6181292189006748,2.2737299239222324,1.3489528382841145,1.2437232348826937,1.5524609508718188,1.2946525309181793,0.8538700219310734,1.5958581580568514,0.9805878263187191,31,29,488,244,posted_from_kbo,2005,2016,14.0,1.0
perez-001her,mlb_to_kbo,2,2021,2019,Hernán Pérez,1.031738136922762,0.9056146345224592,1.0401830334832585,0.9486826482833308,0.642029413032468,0.5247053197175571,0.9607937878663267,0.8951584262005549,1.156089521580242,0.8262287507040128,1.134859920167884,1.1685576989342974,0.9280667641361704,0.8128267101650946,1.071838726324627,0.8722808450055481,30,28,252,246,import_returnee,2021,2015,1.0,5.0
peters000dj-,mlb_to_kbo,1,2022,2021,DJ Peters,0.8770754658210048,0.8092514513456776,0.8351626167114463,0.8113463700628621,0.8336679616323445,0.5755919969608713,1.8940014059204875,1.6568766823687753,1.4583436468868856,1.3429611737842728,1.1626585998047505,1.473986237987899,0.8981914902737413,0.7621406168322007,1.060055776968015,1.0261740737592357,26,25,354,480,import_returnee,2022,2021,1.0,1.0
reyes-002vic,mlb_to_kbo,2,2024,2022,Víctor Reyes#,1.2684300145361382,1.0464011855351272,1.180145278370919,1.109434885992097,0.7916194838135767,0.4742259860922758,0.945125305892502,0.3116901794274757,1.1127260266031989,0.7094142282112208,0.6862823792697841,1.0222544839753014,1.1198375758704788,0.9266386118904103,1.2156005569095223,0.9165506531065444,29,27,632,336,import_returnee,2024,2018,3.0,5.0
rojas-008jos,mlb_to_kbo,2,2023,2021,Jose Rojas*,0.9608849658098612,0.8544653108432108,0.8387150588636397,0.8877606163216629,1.2967303434858446,0.9384652124362031,2.4919064412598892,0.9974508455731758,1.9999005070943456,1.1408774923957823,0.8265399647217514,1.17231143000098,1.0187495988777748,0.8741192981658674,1.2678026827480195,0.9708755595261361,30,28,464,184,import_returnee,2023,2021,1.0,1.0
rosari001wil,mlb_to_kbo,1,2016,2015,Wilin Rosario,1.1089855266684536,1.0548779898516278,1.0192840787316757,1.1013601666168524,0.6651060230139838,0.43134705517217486,2.4097199336845145,0.9274313160681427,1.8443294735977664,0.9803010876782358,1.0003306788988275,1.1347655224073632,1.0088995381417925,0.9299705189598069,1.357333436877694,1.0272016752981012,27,26,532,242,import_returnee,2016,2012,2.0,4.0
ruf---001dar,mlb_to_kbo,2,2017,2015,Darin Ruf,1.1000204330594765,0.9239070405820138,1.0501994546401545,0.8974429177225668,1.2775257176227481,0.9226034235627073,1.928538068878469,1.5113695521110475,1.671206870994021,1.1928861347866853,1.028844936342402,1.139268560194694,1.1214222394804811,0.9459352995290415,1.298433926889595,1.023728162170344,30,28,591,297,import_returnee,2017,2013,3.0,4.0
ruf---001dar,kbo_to_mlb,2,2019,2021,Darin Ruf,1.0948691582157295,1.1114571676922376,1.0056072463421273,1.1785787492546214,1.6497468703566949,1.6972584525769279,2.124781231769314,1.5686406460296096,1.8932359431042964,1.485971161374277,0.8879811961922656,1.202971882785621,1.1750731478362246,1.212955888857614,1.3388204226140321,1.2636757880855165,32,34,568,312,import_returnee,2017,2013,3.0,4.0
russel001add,mlb_to_kbo,1,2020,2019,Addison Russell,0.9314251416138352,0.9403450948371861,0.9211639476741249,0.9385633667016421,0.8653074035444909,0.9738024040024068,0.3066926927523127,1.027946450004164,0.600343343488563,0.8406122678259034,0.7847193905729012,1.048219618282067,0.9102887698438203,0.9554947316888638,0.8209939618386914,0.8984677118112115,26,25,271,241,import_returnee,2020,2015,2.0,5.0
saladi001tyl,mlb_to_kbo,2,2020,2018,Tyler Saladino,1.027481204605291,0.9922844558370425,1.15109789430286,1.0859479880825331,1.5040326397916373,0.7642112244158518,1.5297003632369954,1.1924218905985327,1.4426432466255477,0.9338559966344191,1.445700074391561,1.3252443838119983,1.179063574978902,0.9406746614254756,1.1659570566689177,0.969240363313978,30,28,163,278,import_returnee,2020,2015,1.0,4.0
tauchm000mic,mlb_to_kbo,1,2022,2021,Mike Tauchman*,1.1113012230702084,0.7412229202495322,1.087593657263849,0.8571481812760883,1.1210577717677108,1.3862425057696375,0.9550947260624679,0.6405967036141862,1.1803245529080386,0.6133934710621902,0.8578731563734907,1.31004267863565,1.0970834738380264,0.8963105620821525,1.1330294214845258,0.6892675254467155,31,30,648,382,import_returnee,2022,2019,1.0,5.0
tauchm000mic,kbo_to_mlb,1,2022,2023,Mike Tauchman*,1.1113012230702084,1.0154610894063778,1.087593657263849,1.0555957747104279,1.1210577717677108,1.6252787337554084,0.9550947260624679,0.6259198629193887,1.1803245529080386,0.7518074587230517,0.8578731563734907,0.9436142454608406,1.0970834738380264,1.1323360132720777,1.1330294214845258,0.9099299438317433,31,32,648,401,import_returnee,2022,2019,1.0,5.0
thames001eri,mlb_to_kbo,2,2014,2012,Eric Thames*,1.186161449752883,0.913303476519538,1.1142815598792775,1.0280474260377583,1.1888956640535593,0.647664695084642,2.8405355719710412,1.1584718281313335,2.251839738348324,1.1012643156090025,1.1534032844999793,1.5168753088453302,1.1574678766078792,0.8570337304026386,1.5554170444242974,0.983226143399087,27,25,514,580,import_returnee,2014,2011,3.0,5.0
thames001eri,kbo_to_mlb,1,2016,2017,Eric Thames*,1.1088567395906845,0.9700455607615295,1.0084117152252046,1.0316668764633317,1.4999079975949199,1.593381923573161,2.9374371420522696,1.7076077892774808,2.422907978871282,1.5841180089437426,1.1513152674005496,1.3668221697995375,1.1737094466990836,1.1075173234946276,1.5526516202665288,1.2165035556911634,29,30,529,551,import_returnee,2014,2011,3.0,5.0
tucker002pre,mlb_to_kbo,1,2019,2018,Preston Tucker*,1.1643402130726768,0.9232526184507889,1.0784839275072264,0.9174632285234439,1.1155431218602412,0.8338947358209202,1.2373982293010632,1.080956366042583,1.4303439218010854,1.08189911594869,0.6393116715707977,1.049971590939066,1.130059763760382,0.9395524355568609,1.2456210758380166,0.9858225478429643,28,27,399,368,import_returnee,2019,2015,3.0,2.0
valdez001wil,kbo_to_mlb,2,2008,2010,Wilson Valdez,0.816840556673487,1.0035197109032705,0.7981223292720421,0.9652703323138999,0.5558746422148485,0.6803442181759517,0.3431431184914157,0.44323892413284055,0.7998110096907801,0.7017869596744767,0.7298108882972858,0.6407073817412852,0.7701319966188058,0.9407201154949828,0.8117991572030571,0.8945469467004948,30,32,176,363,import_returnee,2008,2005,1.0,4.0
willia028joh,kbo_to_mlb,0,2019,2019,Mac Williamson,1.0213008748573602,0.6194062358762102,1.2133205901581008,0.6704024047868872,0.9063787865114461,1.1408365663555975,1.3061425753733444,0.7646144890463071,1.1605290456431536,0.5562289982418087,1.725415022705278,1.3308573793418388,0.9711451094815783,0.7747254581261057,1.063843837498019,0.5928783868397085,28,28,168,288,unknown,2019,2019,1.0,1.0
wisdom000pat,mlb_to_kbo,1,2025,2024,Patrick Wisdom,0.9015561918101673,0.7024038649505072,0.8228278622658928,0.7108265550087918,1.1694777606678186,0.7023628315790527,3.3858620725399344,1.5383201485631657,2.3560938521810737,1.4206150478378252,1.4840964270995718,1.5016843654780128,0.9482769176684817,0.7593274426170353,1.377242521545237,0.982931237775823,33,32,486,174,import_returnee,2025,2021,1.0,4.0
young-000jar,kbo_to_mlb,2,2024,2026,Jared Young*,1.1764199990427646,1.0908403720210962,1.1395028420462734,1.0551242294837015,1.3514759183398237,0.8201950493760019,2.3562887310613854,0.8675476641821411,2.3395777995246743,1.0361673148426973,1.095437020453718,0.8341121718279484,1.1941102089888578,1.0365445175478114,1.571072676532903,1.0694653649038373,28,30,169,342,posted_from_kbo,2024,2026,1.0,1.0
