season,side,team_ID,affiliation,age_bat,runs_per_game,G,PA,AB,R,H,2B,3B,HR,RBI,SB,CS,BB,SO,batting_avg,onbase_perc,slugging_perc,onbase_plus_slugging,TB,GIDP,HBP,SH,SF,IBB,is_aggregate,age_pit,W,L,win_loss_perc,earned_run_avg,run_avg,GS,GF,CG,SHO,SV,IP,ER,BK,WP,batters_faced,whip,hits_per_nine,home_runs_per_nine,bases_on_balls_per_nine,strikeouts_per_nine,strikeouts_per_base_on_balls
2000,batting,League Totals,,27.5,4.86,1064,40028,34948,5176,9447,1736,157,1069,4841,,,3757,6587,.270,.347,.421,.768,14704,788,519,499,305,,True,,,,,,,,,,,,,,,,,,,,,,
2000,pitching,League Totals,,,4.90,1064,,,5210,9471,,,1096,,,,3806,6740,,,,,,,523,,,,True,26.7,502,500,.501,4.63,5.10,,,44,10,281,9189.2,4729,,,40338,1.445,9.3,1.1,3.7,6.6,1.77
2001,batting,League Totals,,27.8,5.18,1064,41957,36121,5507,9893,1744,158,1070,5171,856,431,4356,6419,.274,.357,.420,.777,15163,855,515,644,321,203,True,,,,,,,,,,,,,,,,,,,,,,
2001,pitching,League Totals,,,5.18,1064,,,5507,9893,,,1070,,,,4356,6419,,,,,,,515,,,203,True,27.2,516,516,.500,4.71,5.25,1064,1022,42,37,262,9442.1,4938,26,406,41960,1.509,9.4,1.0,4.2,6.1,1.47
2002,batting,League Totals,,27.7,4.64,1064,40981,36135,4932,9517,1679,154,1127,4682,777,406,3388,7265,.263,.335,.412,.747,14885,778,658,536,264,181,True,,,,,,,,,,,,,,,,,,,,,,
2002,pitching,League Totals,,,4.64,1064,,,4932,9517,,,1127,,,,3388,7265,,,,,,,658,,,181,True,27.3,517,517,.500,4.24,4.68,1064,1026,38,55,253,9484.1,4465,25,354,40986,1.361,9.0,1.1,3.2,6.9,2.14
2003,batting,League Totals,,27.9,4.64,1064,41149,35774,4933,9607,1715,149,1063,4653,714,425,3729,6094,.269,.345,.414,.759,14809,765,605,755,286,131,True,,,,,,,,,,,,,,,,,,,,,,
2003,pitching,League Totals,,,4.64,1064,,,4933,9607,,,1063,,,,3729,6094,,,,,,,605,,,131,True,26.8,519,519,.500,4.27,4.71,1064,1029,35,58,272,9434.0,4475,25,361,41152,1.414,9.2,1.0,3.6,5.8,1.63
2004,batting,League Totals,,28.3,4.69,1064,41350,35812,4990,9541,1653,121,966,4721,678,389,3883,6534,.266,.347,.400,.747,14334,828,681,672,302,156,True,,,,,,,,,,,,,,,,,,,,,,
2004,pitching,League Totals,,,4.69,1064,,,4990,9541,,,966,,,,3883,6534,,,,,,,681,,,156,True,26.8,508,508,.500,4.29,4.74,1064,1035,29,58,273,9465.2,4514,28,383,41351,1.418,9.1,0.9,3.7,6.2,1.68
2005,batting,League Totals,,28.1,4.59,1008,38976,33847,4626,8912,1488,117,876,4346,782,344,3458,6385,.263,.342,.392,.734,13262,755,711,704,256,133,True,,,,,,,,,,,,,,,,,,,,,,
2005,pitching,League Totals,,,4.59,1008,,,4626,8912,,,876,,,,3458,6385,,,,,,,711,,,133,True,26.7,494,494,.500,4.21,4.65,1008,985,23,64,249,8945.2,4189,22,365,38976,1.383,9.0,0.9,3.5,6.4,1.85
2006,batting,League Totals,,28.3,3.95,1008,38087,33212,3981,8469,1423,109,660,3741,745,348,3293,5889,.255,.330,.364,.694,12090,781,533,806,243,133,True,,,,,,,,,,,,,,,,,,,,,,
2006,pitching,League Totals,,,3.95,1008,,,3981,8469,,,660,,,,3293,5889,,,,,,,533,,,133,True,27.0,494,494,.500,3.58,4.01,1008,977,31,88,295,8940.2,3560,18,293,38091,1.316,8.5,0.7,3.3,5.9,1.79
2007,batting,League Totals,,28.5,4.27,1008,38992,33808,4306,8879,1532,134,703,4063,764,366,3615,5631,.263,.340,.378,.718,12788,831,519,733,317,191,True,,,,,,,,,,,,,,,,,,,,,,
2007,pitching,League Totals,,,4.27,1008,,,4306,8879,,,703,,,,3615,5631,,,,,,,519,,,191,True,27.5,492,492,.500,3.91,4.30,1008,985,23,66,255,9014.1,3914,31,330,38995,1.386,8.9,0.7,3.6,5.6,1.56
2008,batting,League Totals,,28.2,4.49,1008,39014,34098,4522,9098,1512,188,646,4248,987,443,3589,5771,.267,.342,.379,.721,12924,827,482,521,324,123,True,,,,,,,,,,,,,,,,,,,,,,
2008,pitching,League Totals,,,4.49,1008,,,4522,9098,,,646,,,,3589,5771,,,,,,,482,,,123,True,27.5,504,504,.500,4.11,4.51,1008,987,21,62,255,9015.1,4121,27,352,39018,1.407,9.1,0.6,3.6,5.8,1.61
2009,batting,League Totals,,28.2,5.16,1064,41860,36110,5492,9938,1753,158,1155,5186,1056,399,4290,6939,.275,.358,.428,.787,15472,938,564,559,337,164,True,,,,,,,,,,,,,,,,,,,,,,
2009,pitching,League Totals,,,5.16,1064,,,5492,9938,,,1155,,,,4290,6939,,,,,,,564,,,164,True,26.7,522,522,.500,4.80,5.23,1064,1044,20,45,245,9447.2,5035,23,424,41864,1.506,9.5,1.1,4.1,6.6,1.62
2010,batting,League Totals,,28.0,4.98,1064,41593,35879,5301,9681,1650,138,990,4996,1113,470,4045,7025,.270,.351,.406,.757,14577,831,616,733,320,161,True,,,,,,,,,,,,,,,,,,,,,,
2010,pitching,League Totals,,,4.98,1064,,,5301,9681,,,990,,,,4045,7025,,,,,,,616,,,161,True,27.2,522,522,.500,4.58,5.03,1064,1037,27,54,227,9492.1,4834,28,506,41597,1.446,9.2,0.9,3.8,6.7,1.74
2011,batting,League Totals,,28.4,4.53,1064,41065,35543,4822,9409,1562,162,770,4534,933,448,3936,7004,.265,.344,.383,.727,13605,830,514,782,290,130,True,,,,,,,,,,,,,,,,,,,,,,
2011,pitching,League Totals,,,4.53,1064,,,4822,9409,,,770,,,,3936,7004,,,,,,,514,,,130,True,27.5,522,522,.500,4.14,4.58,1064,1042,22,71,261,9468.0,4353,33,503,41068,1.409,8.9,0.7,3.7,6.7,1.78
2012,batting,League Totals,,28.4,4.12,1064,40525,35199,4380,9072,1577,160,615,4095,1022,460,3698,6672,.258,.334,.364,.698,12814,784,498,822,308,140,True,,,,,,,,,,,,,,,,,,,,,,
2012,pitching,League Totals,,,4.12,1064,,,4380,9072,,,615,,,,3698,6672,,,,,,,498,,,140,True,28.5,517,517,.500,3.82,4.15,1064,1031,33,82,283,9498.0,4033,32,460,40527,1.344,8.6,0.6,3.5,6.3,1.80
2013,batting,League Totals,,28.5,4.65,1152,44887,38794,5353,10411,1845,192,798,5017,1167,502,4350,7785,.268,.350,.388,.737,15034,912,704,677,362,129,True,,,,,,,,,,,,,,,,,,,,,,
2013,pitching,League Totals,,,4.65,1152,,,5353,10411,,,798,,,,4350,7785,,,,,,,704,,,129,True,28.5,565,565,.500,4.32,4.69,1152,1131,21,58,302,10282.0,4933,40,530,44893,1.436,9.1,0.7,3.8,6.8,1.79
2014,batting,League Totals,,28.8,5.62,1152,45853,39870,6477,11533,2155,237,1162,6120,1024,436,4352,7657,.289,.365,.443,.807,17648,900,616,613,402,104,True,,,,,,,,,,,,,,,,,,,,,,
2014,pitching,League Totals,,,5.62,1152,,,6477,11533,,,1162,,,,4352,7657,,,,,,,616,,,104,True,28.9,569,569,.500,5.21,5.72,1152,1134,18,39,261,10191.0,5902,23,545,45853,1.559,10.2,1.0,3.8,6.8,1.76
2015,batting,League Totals,,28.8,5.28,1440,56739,49342,7598,13804,2482,202,1511,7163,1202,526,5254,10553,.280,.356,.430,.787,21223,1147,871,834,438,211,True,,,,,,,,,,,,,,,,,,,,,,
2015,pitching,League Totals,,,5.28,1440,,,7598,13804,,,1511,,,,5254,10553,,,,,,,871,,,211,True,28.6,715,715,.500,4.87,5.35,1440,1413,27,72,285,12787.2,6925,47,754,56742,1.490,9.7,1.1,3.7,7.4,2.01
2016,batting,League Totals,,29.1,5.61,1440,57611,50280,8074,14560,2480,248,1483,7613,1058,547,5373,9743,.290,.364,.437,.801,21985,1172,800,651,507,140,True,,,,,,,,,,,,,,,,,,,,,,
2016,pitching,League Totals,,,5.61,1440,,,8074,14560,,,1483,,,,5373,9743,,,,,,,800,,,140,True,28.2,713,713,.500,5.17,5.67,1440,1422,18,49,325,12806.1,7357,57,701,57614,1.556,10.2,1.0,3.8,6.8,1.81
2017,batting,League Totals,,29.2,5.33,1440,56878,50346,7682,14397,2584,219,1547,7272,778,407,4520,10009,.286,.353,.438,.791,22060,1178,953,600,459,185,True,,,,,,,,,,,,,,,,,,,,,,
2017,pitching,League Totals,,,5.33,1440,,,7682,14397,,,1547,,,,4520,10009,,,,,,,953,,,185,True,28.4,709,709,.500,4.97,5.41,1440,1416,24,64,321,12781.0,7056,45,709,56882,1.480,10.1,1.1,3.2,7.0,2.21
2018,batting,League Totals,,29.0,5.55,1440,56903,50547,7994,14445,2639,187,1756,7581,928,410,4622,10688,.286,.353,.450,.803,22726,1138,860,447,427,170,True,,,,,,,,,,,,,,,,,,,,,,
2018,pitching,League Totals,,,5.55,1440,,,7994,14445,,,1756,,,,4622,10688,,,,,,,860,,,170,True,28.1,714,714,.500,5.17,5.64,1440,1423,17,55,304,12766.0,7337,41,673,56903,1.494,10.2,1.2,3.3,7.5,2.31
2019,batting,League Totals,,28.8,4.55,1440,55626,49225,6548,13145,2288,227,1014,6184,993,423,4749,9595,.267,.337,.385,.722,18929,1122,711,436,505,147,True,,,,,,,,,,,,,,,,,,,,,,
2019,pitching,League Totals,,,4.55,1440,,,6548,13145,,,1014,,,,4749,9595,,,,,,,711,,,147,True,27.5,713,713,.500,4.17,4.61,1440,1417,23,103,349,12778.2,5914,39,594,55627,1.400,9.3,0.7,3.3,6.8,2.02
2020,batting,League Totals,,29.0,5.16,1440,56642,49658,7436,13547,2325,183,1363,7042,892,377,5314,9855,.273,.349,.409,.758,20327,1174,716,486,468,163,True,,,,,,,,,,,,,,,,,,,,,,
2020,pitching,League Totals,,,5.16,1440,,,7436,13547,,,1363,,,,5314,9855,,,,,,,716,,,163,True,27.4,707,707,.500,4.76,5.23,1440,1430,10,85,282,12789.2,6759,46,648,56643,1.475,9.5,1.0,3.7,6.9,1.85
2021,batting,League Totals,,28.7,4.79,1440,56075,48402,6896,12566,2181,163,1158,6511,941,394,5892,10196,.260,.346,.383,.730,18547,1078,791,497,493,180,True,,,,,,,,,,,,,,,,,,,,,,
2021,pitching,League Totals,,,4.79,1440,,,6896,12566,,,1158,,,,5892,10196,,,,,,,791,,,180,True,27.1,670,670,.500,4.44,4.90,1440,1427,13,94,321,12660.0,6243,62,601,56076,1.458,8.9,0.8,4.2,7.2,1.73
2022,batting,League Totals,,28.7,4.53,1440,55959,49276,6523,12801,2220,203,1085,6121,890,367,4930,10469,.260,.333,.379,.713,18682,1076,721,610,422,208,True,,,,,,,,,,,,,,,,,,,,,,
2022,pitching,League Totals,,,4.53,1440,,,6523,12801,,,1085,,,,4930,10469,,,,,,,721,,,208,True,27.5,708,708,.500,4.06,4.57,1440,1434,6,106,361,12854.2,5796,26,607,55963,1.379,9.0,0.8,3.5,7.3,2.12
2023,batting,League Totals,,28.7,4.60,1440,56230,49236,6622,12969,2221,222,924,6181,1040,397,5140,9970,.263,.338,.374,.712,18406,1015,696,673,485,175,True,,,,,,,,,,,,,,,,,,,,,,
2023,pitching,League Totals,,,4.60,1440,,,6622,12969,,,924,,,,5140,9970,,,,,,,696,,,175,True,27.7,708,708,.500,4.14,4.64,1440,1435,5,93,355,12834.1,5905,45,595,56231,1.411,9.1,0.6,3.6,7.0,1.94
2024,batting,League Totals,,28.9,5.38,1440,57263,50205,7740,13929,2381,229,1438,7333,1152,397,5265,10826,.277,.352,.420,.772,21082,1013,783,482,528,150,True,,,,,,,,,,,,,,,,,,,,,,
2024,pitching,League Totals,,,5.38,1440,,,7740,13929,,,1438,,,,5265,10826,,,,,,,783,,,150,True,27.7,710,710,.500,4.91,5.45,1440,1430,10,69,322,12789.0,6972,42,616,57265,1.501,9.8,1.0,3.7,7.6,2.06
2025,batting,League Totals,,28.7,4.73,1440,55995,49021,6813,12824,2243,208,1191,6364,1078,362,5123,11024,.262,.338,.389,.727,19056,1003,806,594,451,187,True,,,,,,,,,,,,,,,,,,,,,,
2025,pitching,League Totals,,,4.73,1440,,,6813,12824,,,1191,,,,5123,11024,,,,,,,806,,,187,True,27.2,698,698,.500,4.31,4.80,1440,1431,9,89,346,12773.2,6115,35,621,55996,1.405,9.0,0.8,3.6,7.8,2.15
2026,batting,League Totals,,28.7,5.06,1280,50435,44029,6478,11785,2014,183,1196,6138,809,270,4733,9814,.268,.346,.403,.749,17753,926,746,536,391,127,True,,,,,,,,,,,,,,,,,,,,,,
2026,pitching,League Totals,,,5.06,1280,,,6478,11785,,,1196,,,,4733,9814,,,,,,,746,,,127,True,27.4,625,625,.500,4.65,5.14,1280,1276,4,57,279,11347.0,5858,24,542,50435,1.456,9.3,0.9,3.8,7.8,2.07
