key_mlbam,season,batters_faced,SO,BB,HR,H,ER,R,G,GS,SV,W,L,age,IP
110279,1995,128,9,14,4,26,11,12,5,5,0,2,1,22,30.1
110279,1996,340,22,32,16,92,58,60,16,14,0,2,6,23,74.2
110279,1997,244,28,21,9,76,36,45,17,8,0,0,6,24,50.0
110279,1998,30,1,2,0,12,6,6,5,0,0,0,0,25,5.2
110875,1997,98,8,9,2,21,8,9,16,0,0,0,1,25,22.2
110875,1998,417,59,45,8,97,56,61,62,0,1,5,5,26,91.2
110875,1999,59,4,3,4,24,18,18,5,1,0,0,1,27,11.1
111292,1997,92,7,8,2,27,17,20,5,5,0,0,3,25,19.0
111850,1997,57,18,6,1,6,2,2,12,0,0,0,0,25,15.1
111850,1998,19,1,1,0,7,4,4,3,0,0,0,0,26,4.1
111850,1999,119,28,9,3,21,7,7,26,0,0,4,0,27,29.1
111850,2000,266,41,17,10,74,39,40,52,0,2,2,3,28,59.1
111850,2001,253,43,25,5,52,19,24,55,0,2,7,4,29,59.1
111850,2002,474,61,36,23,131,78,84,50,11,0,6,10,30,103.1
112470,1992,104,12,14,1,23,14,14,8,4,0,0,2,24,23.0
112906,1997,116,23,9,6,29,19,19,19,0,0,0,2,24,26.1
112906,1999,295,46,23,11,74,42,44,29,6,0,2,5,26,66.2
112906,2000,172,34,13,4,39,14,14,27,0,0,5,2,27,41.0
112906,2001,342,75,24,11,72,38,41,66,0,2,3,3,28,82.1
112906,2002,360,61,29,12,90,39,44,43,5,0,2,6,29,78.1
112906,2003,233,38,11,15,65,43,43,20,7,0,3,5,30,53.2
113830,1990,25,6,5,0,6,3,3,4,0,0,0,0,22,5.0
114014,1996,127,16,13,8,32,24,25,7,4,0,0,1,27,28.0
114499,1996,14,0,3,0,4,4,4,2,0,0,0,1,26,2.1
114499,1999,235,26,21,8,61,29,32,16,7,0,0,4,29,51.2
114499,2000,220,43,15,4,54,14,14,32,0,0,0,0,30,52.2
114499,2001,162,22,16,2,36,14,14,36,0,0,0,4,31,40.0
114499,2002,212,29,20,3,46,24,25,16,4,0,2,4,32,48.2
114551,1986,91,11,12,3,19,9,10,10,0,0,0,1,22,20.2
115475,1995,18,1,1,1,7,6,6,1,0,0,0,0,23,3.1
115475,1996,20,1,2,1,4,6,6,1,1,0,0,1,24,4.1
115475,1999,58,7,6,0,15,9,9,7,0,0,1,1,27,13.0
115475,2004,262,30,23,10,55,33,34,55,0,0,6,6,32,62.2
115475,2005,56,7,4,3,16,9,9,8,0,0,0,0,33,12.2
115475,2007,19,2,1,0,9,3,3,1,1,0,0,0,35,3.1
115780,1997,17,3,3,0,2,2,2,4,0,0,0,1,23,4.0
115780,1998,100,19,12,4,26,19,22,15,0,0,0,0,24,20.0
115780,2002,115,23,15,5,19,14,14,30,0,2,1,1,28,28.0
115819,1997,13,2,3,0,5,6,6,2,0,0,0,0,26,1.1
116356,1995,345,33,40,11,81,47,50,14,10,0,5,2,25,77.2
116356,1996,223,36,30,10,61,41,42,16,4,2,2,5,26,47.2
116356,1997,94,10,15,5,25,19,19,13,1,0,1,2,27,19.0
116495,1996,344,47,38,16,95,60,65,15,11,0,4,6,23,73.2
116495,1997,105,17,13,4,23,10,11,12,0,0,2,1,24,25.0
116611,1997,806,114,74,40,212,136,140,50,32,4,4,12,21,179.1
116611,1998,40,4,2,4,16,12,12,2,2,0,0,2,22,7.1
116611,1999,44,6,7,2,12,8,8,3,1,0,0,0,23,8.1
116611,2000,466,70,53,18,107,72,73,41,13,0,5,6,24,101.1
116611,2001,50,10,4,3,13,6,6,10,0,0,0,0,25,11.1
117039,1993,37,7,5,0,3,0,0,6,0,1,0,0,24,9.1
117039,1994,52,8,8,4,15,10,12,7,0,0,1,0,25,10.2
117039,1995,209,41,27,6,37,19,20,24,0,0,4,1,26,49.2
117039,1996,48,5,5,1,15,9,9,7,0,0,0,0,27,10.0
117742,1992,40,4,7,1,13,8,8,2,2,0,1,1,26,6.2
117742,1993,341,65,43,7,68,28,37,57,0,0,6,3,27,77.1
117742,1994,261,45,38,7,62,34,44,45,0,0,1,4,28,54.0
117742,1995,152,32,15,9,30,15,15,21,1,0,0,1,29,36.0
117742,1996,412,78,65,9,78,42,45,72,0,2,4,6,30,90.1
117742,1997,238,32,36,20,56,48,52,36,0,0,4,0,31,48.2
117742,1998,25,4,5,2,8,8,8,2,1,0,0,0,32,4.2
117769,1994,34,7,3,2,11,10,10,3,1,0,0,1,21,6.2
117769,1995,320,37,18,10,85,50,52,15,15,0,3,9,22,73.2
117769,1996,329,59,22,13,87,46,48,39,4,3,5,6,23,72.2
117769,1997,321,63,16,9,79,44,45,52,1,2,1,6,24,75.0
117769,1998,950,169,32,34,229,96,100,33,33,0,16,8,25,233.1
117769,1999,1024,187,44,30,256,98,108,35,35,0,21,10,26,246.1
117769,2000,895,124,68,48,251,145,152,33,33,0,7,16,27,196.1
117769,2001,1438,168,76,70,394,204,228,64,54,0,12,24,28,331.1
117769,2002,304,33,21,12,86,59,60,20,12,0,4,6,29,68.1
117769,2003,321,32,26,7,80,40,40,14,14,0,8,3,30,73.1
117769,2004,702,93,34,33,178,77,81,36,24,0,13,5,31,170.1
117769,2005,780,80,61,31,219,131,140,32,32,0,5,16,32,168.2
117769,2006,91,12,10,3,25,19,22,4,4,0,0,4,33,17.1
117800,1992,116,16,17,5,31,23,23,8,3,0,1,3,27,24.0
117800,1993,356,46,46,16,92,60,60,46,2,0,4,2,28,73.1
117800,1994,241,29,20,4,74,25,27,32,3,0,6,2,29,50.1
117800,1995,98,13,10,4,22,18,21,7,2,0,0,1,30,22.1
117800,1996,452,87,26,13,111,58,65,21,18,0,7,9,31,104.0
117800,1999,264,31,25,14,69,39,41,14,8,0,1,4,34,59.0
117800,2003,35,7,4,2,7,3,3,7,0,0,0,0,38,9.0
118269,1988,46,10,12,1,7,6,6,2,2,0,0,1,24,9.1
118269,1994,236,39,42,4,45,23,30,46,0,1,4,2,30,50.0
118269,1995,16,1,2,0,3,2,3,5,0,0,0,0,31,3.2
119809,1995,676,62,70,22,188,106,114,40,36,0,4,14,22,143.1
119809,1996,234,36,38,7,62,41,44,11,8,0,2,3,23,45.2
119809,1998,250,44,23,4,49,25,27,43,0,3,3,3,25,59.2
119809,1999,349,66,45,11,63,39,44,68,7,0,4,5,26,81.2
119809,2000,497,81,49,13,124,64,79,67,11,0,4,9,27,109.2
119809,2001,482,84,68,14,108,56,60,122,0,0,2,6,28,102.0
119809,2002,63,14,13,0,11,4,4,12,0,0,0,1,29,13.2
119809,2003,52,5,8,0,17,8,8,6,0,0,0,0,30,9.2
119809,2004,320,52,32,8,80,42,44,82,0,0,4,2,31,66.0
119809,2005,17,2,2,0,5,3,3,7,0,0,0,0,32,3.1
119867,1987,427,99,58,12,91,54,57,37,9,0,5,2,23,97.0
119867,1988,127,18,17,3,28,10,11,13,2,0,0,1,24,29.1
119867,1989,42,14,2,0,8,3,3,6,1,0,0,0,25,10.2
119867,1990,274,40,34,5,61,44,47,21,10,0,4,7,26,60.2
120221,1994,23,6,5,1,5,5,5,2,0,0,0,0,21,4.0
120221,1995,16,7,2,1,2,2,2,2,1,0,0,0,22,4.0
120221,1996,477,119,71,7,82,44,48,48,10,0,5,5,23,108.2
120221,1997,792,166,70,24,149,72,80,32,29,0,14,8,24,192.0
120221,1998,946,191,97,16,199,91,101,34,34,0,15,9,25,220.2
120221,1999,883,174,100,31,208,113,120,33,33,0,13,11,26,194.1
120221,2000,963,217,124,21,173,82,92,34,34,0,18,10,27,226.0
120221,2001,981,218,91,23,183,91,98,36,35,0,15,11,28,234.0
120221,2002,666,121,78,20,154,93,95,25,25,0,9,8,29,145.2
120221,2003,146,16,25,5,34,25,26,7,7,0,1,3,30,29.2
120221,2004,428,63,33,22,105,58,63,16,16,0,4,7,31,95.2
120221,2005,1430,226,160,22,360,198,206,60,58,0,24,16,32,310.2
120221,2006,606,96,44,20,146,73,81,24,21,0,7,7,33,136.2
120221,2007,20,4,2,2,6,7,7,1,1,0,0,1,34,4.0
120221,2008,412,79,36,12,97,36,43,54,5,2,4,4,35,95.1
120221,2009,362,73,33,5,84,41,43,45,7,0,3,3,36,83.1
120221,2010,556,104,38,18,130,66,78,106,0,0,8,6,37,127.1
120244,1995,678,72,56,26,186,114,134,40,24,0,2,10,22,144.0
120244,1996,320,50,27,15,88,47,48,27,5,0,5,5,23,70.0
120244,2000,57,9,7,3,17,9,9,6,2,0,0,1,27,11.2
120244,2002,63,8,11,0,13,5,5,16,0,0,0,1,29,14.0
120244,2004,61,14,6,2,14,5,6,13,0,0,1,0,31,14.0
121220,1997,19,1,2,3,9,5,5,2,0,0,0,0,24,2.1
121220,1998,38,6,6,1,9,5,9,5,0,0,0,1,25,7.1
121245,1992,974,154,90,18,198,80,80,56,28,0,14,8,24,234.2
121245,1993,742,123,85,16,175,91,99,30,28,0,13,9,25,163.0
121245,1994,176,19,22,7,40,29,29,9,7,0,3,4,26,38.0
121353,1995,45,5,5,2,11,3,3,11,0,0,1,1,22,10.2
121353,1997,212,34,28,2,48,22,23,26,1,0,0,0,24,46.0
121353,1998,207,36,29,5,44,30,31,43,0,5,0,2,25,44.0
121353,1999,292,55,29,6,67,28,32,47,0,0,2,3,26,66.1
121353,2000,346,95,42,5,65,24,29,76,0,3,4,2,27,81.2
121353,2001,314,91,27,5,53,15,16,80,0,0,9,1,28,80.1
121353,2002,288,58,29,5,53,32,33,71,0,0,8,6,29,69.0
121353,2003,265,46,29,5,59,21,21,68,0,2,8,2,30,61.0
121353,2004,578,118,58,16,122,48,50,152,0,2,10,16,31,131.1
121353,2005,147,18,20,2,33,18,18,34,0,0,0,0,32,32.1
121353,2006,139,15,16,5,32,25,25,31,0,0,1,1,33,29.1
121546,1993,159,30,11,4,36,15,16,21,0,2,2,1,21,37.2
121546,1994,287,44,27,7,57,24,26,51,0,1,7,2,22,70.0
121546,1995,54,11,11,0,4,2,3,10,0,0,0,0,23,13.1
121546,1996,289,69,37,10,71,38,42,49,0,0,1,3,24,62.1
121546,2000,43,5,3,4,14,9,9,5,0,0,0,0,28,9.0
121546,2001,21,4,4,0,5,2,4,3,0,0,0,0,29,3.2
123147,1993,326,45,49,5,72,49,53,36,7,0,0,5,22,68.1
123147,1994,24,3,1,1,9,4,4,1,1,0,0,0,23,4.1
123176,1996,427,64,31,20,108,59,67,25,17,0,5,7,22,97.1
123176,1997,169,29,11,4,47,26,26,10,5,0,0,3,23,38.0
123176,1998,1274,156,92,36,300,130,150,82,36,0,14,20,24,297.1
123176,1999,468,86,52,20,104,68,68,98,0,0,8,0,25,106.0
123176,2000,107,22,14,6,25,18,22,13,2,0,1,3,26,24.1
123176,2001,388,59,32,15,93,55,59,24,14,0,5,5,27,89.1
123176,2003,194,29,11,5,41,20,22,8,8,0,1,4,29,45.1
123176,2004,225,32,19,12,51,26,27,42,0,0,0,2,30,54.1
123176,2005,41,8,4,2,5,5,5,7,0,0,0,1,31,10.2
123415,1993,196,23,27,5,37,20,21,8,8,0,3,5,21,44.2
123415,1994,378,42,34,10,95,51,55,16,14,0,2,8,22,84.1
123415,1995,768,94,98,32,200,112,122,40,28,0,6,18,23,160.0
123415,1996,212,36,23,5,44,25,27,10,7,0,3,3,24,49.0
123415,1997,254,22,30,4,64,56,58,28,0,0,0,0,25,51.1
123415,2002,127,12,13,2,28,9,10,5,5,0,2,1,30,30.0
123415,2003,518,84,42,19,128,64,65,41,16,2,7,5,31,121.0
123415,2004,380,62,22,6,87,27,33,84,0,0,7,7,32,92.0
123415,2005,388,55,36,7,76,29,34,78,0,3,5,5,33,94.2
123415,2006,411,72,38,6,98,34,42,94,0,12,3,6,34,93.1
123415,2007,231,45,17,7,57,32,34,56,0,12,2,4,35,52.2
123415,2008,344,51,33,6,75,31,35,71,0,28,7,5,36,80.0
123601,1990,104,13,14,2,20,8,10,13,0,0,1,1,23,23.2
123601,1991,27,1,3,0,5,1,1,7,0,0,0,0,24,6.0
123601,1998,20,2,1,2,7,2,2,6,0,0,0,0,31,4.1
123699,1996,117,23,10,3,24,9,10,23,0,0,3,1,23,29.0
123699,1997,114,21,12,5,28,14,18,23,0,0,2,1,24,24.2
123699,1998,43,2,7,0,12,9,9,7,0,0,0,1,25,8.0
124461,1997,50,8,3,4,8,7,8,7,1,0,2,0,30,12.0
124461,1998,114,11,6,7,31,17,18,27,0,1,2,2,31,25.0
124643,1996,42,7,3,3,13,6,7,4,0,0,0,0,21,9.1
124643,1997,58,4,7,3,20,17,18,3,2,0,0,1,22,9.2
124643,1998,381,77,41,11,78,38,41,64,0,1,5,4,23,88.2
124643,1999,286,46,32,8,77,40,41,50,1,0,3,4,24,61.0
124643,2000,618,111,42,26,158,95,98,43,20,0,7,8,25,137.2
124643,2001,264,64,11,7,64,27,34,54,0,22,4,6,26,62.1
124643,2002,305,53,29,10,70,33,35,55,0,19,7,8,27,69.0
124643,2003,618,106,46,26,168,94,96,108,0,2,4,2,28,133.1
124643,2004,379,69,32,8,92,37,43,69,0,7,3,6,29,87.0
124643,2005,293,45,30,8,66,34,36,49,0,0,1,1,30,66.2
124643,2006,322,48,40,16,64,46,50,54,0,2,2,0,31,74.2
132241,1998,20,1,2,1,6,4,4,3,0,0,0,0,24,4.0
132241,2002,3,0,0,0,0,0,0,1,0,0,0,0,28,1.0
132241,2006,332,56,30,2,70,32,32,64,0,0,4,2,32,78.0
132241,2007,32,6,4,0,6,2,2,9,0,0,1,0,33,9.1
132241,2008,396,44,24,16,106,68,68,92,0,0,2,6,34,90.0
132940,1998,334,49,29,9,83,41,43,32,3,0,4,1,27,78.2
132940,1999,28,6,3,1,9,6,7,6,0,1,1,0,28,5.1
133320,1998,15,4,2,1,3,4,4,3,0,0,0,0,25,3.1
133320,1999,25,1,5,1,6,6,6,5,1,0,0,1,26,4.2
133743,1998,61,3,8,1,17,9,12,4,2,0,0,3,28,12.0
133960,1998,562,66,48,17,142,74,79,21,21,0,6,9,22,130.0
133960,2002,168,14,13,4,46,26,26,8,8,0,2,2,26,37.2
133960,2004,233,36,15,12,68,35,40,12,9,0,2,5,28,51.0
133960,2005,21,2,1,1,7,2,2,1,1,0,0,0,29,5.0
134000,1998,7,1,0,0,1,0,0,1,0,0,0,0,25,2.0
134000,2002,244,32,20,10,69,43,44,12,10,0,4,2,29,54.0
134000,2004,180,26,12,12,48,28,28,16,4,0,2,3,31,40.2
134000,2005,52,9,5,1,17,8,8,12,0,0,0,0,32,10.2
134000,2006,19,1,1,0,5,2,4,1,1,0,0,1,33,4.1
135380,1998,87,15,3,4,28,17,17,4,4,0,0,3,22,18.2
135380,1999,171,16,8,7,45,25,26,9,7,0,2,3,23,39.1
150001,1999,124,15,18,3,23,15,15,5,5,0,1,1,24,27.2
150001,2000,396,36,35,18,105,57,66,15,15,0,4,8,25,87.0
150001,2001,55,7,4,2,10,4,5,7,1,0,0,1,26,13.2
150001,2002,41,3,4,5,14,13,13,2,2,0,0,1,27,8.1
150001,2004,61,7,5,4,15,13,13,5,2,0,0,2,29,13.1
150001,2005,73,7,8,0,15,6,6,8,1,0,0,1,30,17.2
150003,2000,270,32,22,16,68,37,38,11,11,0,5,1,23,60.1
150003,2003,145,17,15,4,39,23,23,7,7,0,2,4,26,30.0
150003,2005,74,10,5,4,16,13,13,3,3,0,1,1,28,17.2
150003,2006,40,4,6,3,10,8,9,2,2,0,1,1,29,7.2
150208,1999,57,0,6,2,23,11,12,13,0,0,1,0,24,11.1
150208,2006,299,50,38,9,66,34,36,69,0,5,1,1,31,67.2
150242,2002,3,1,0,0,0,0,0,1,0,0,0,0,25,1.0
150242,2003,806,110,46,18,193,80,94,32,31,0,9,12,26,188.1
150242,2004,512,54,50,17,133,64,67,24,21,0,5,10,27,117.2
150242,2005,363,59,16,9,84,26,26,14,14,0,8,2,28,90.1
150242,2006,1414,176,112,62,394,186,202,72,52,0,6,24,29,314.0
150242,2007,248,28,16,11,84,47,53,11,10,0,3,4,30,52.0
150281,1999,262,39,35,10,71,44,46,13,10,0,2,4,24,54.2
150281,2000,412,33,41,15,107,55,65,16,16,0,5,7,25,88.2
150281,2001,219,15,26,7,59,36,38,12,9,0,1,5,26,46.0
150281,2004,89,14,8,4,19,9,9,6,2,0,1,0,29,20.0
150281,2005,82,15,7,5,24,13,16,5,3,0,0,4,30,17.0
150284,2001,52,7,3,5,18,12,12,4,0,0,0,0,25,10.2
150284,2002,41,7,5,2,11,11,12,7,0,0,0,0,26,8.2
150284,2008,57,10,7,0,14,7,7,4,2,0,1,0,32,12.0
150295,1999,530,82,68,18,162,116,120,28,22,0,4,14,24,102.0
150295,2002,55,8,8,1,12,2,2,13,0,0,2,0,27,12.0
150295,2003,38,4,2,1,13,7,7,6,0,0,0,1,28,8.1
150295,2006,75,11,7,1,11,3,3,15,0,0,0,1,31,19.2
150295,2007,248,42,27,7,55,29,30,30,8,0,4,3,32,57.1
150295,2008,38,5,3,1,11,8,8,10,0,0,0,1,33,8.0
150343,2004,41,6,4,1,15,5,7,4,0,0,0,0,27,7.2
150474,1999,3,0,1,0,0,0,0,1,0,0,0,0,22,1.0
150474,2001,429,63,32,16,98,55,61,46,11,0,5,5,24,100.1
150474,2002,604,70,52,21,136,80,86,41,22,1,7,8,25,138.1
150474,2003,558,74,44,12,154,66,66,84,0,0,4,0,26,125.1
150474,2004,82,8,8,2,18,7,9,4,3,0,2,1,27,18.0
150474,2005,284,58,20,10,74,40,41,15,11,0,5,4,28,64.2
150474,2007,334,51,27,12,87,42,44,67,0,2,6,5,30,77.1
150474,2008,492,74,44,14,128,64,66,94,0,0,4,6,31,108.2
209068,1999,99,11,14,2,30,16,20,5,4,0,1,2,24,19.1
209068,2001,20,2,2,2,3,4,4,2,0,0,0,0,26,5.0
209068,2002,147,23,11,4,31,16,20,6,6,0,2,1,27,34.1
209068,2003,568,82,48,14,168,90,100,46,14,0,2,14,28,121.1
209068,2004,58,9,7,2,18,10,10,4,3,0,0,1,29,11.1
216194,1999,36,5,4,4,10,6,6,4,0,0,0,0,24,7.1
216194,2000,123,13,20,5,30,17,18,7,4,0,3,0,25,24.1
216194,2001,22,4,1,1,8,7,7,4,0,0,1,1,26,4.1
218294,1999,121,31,20,2,20,14,15,25,0,1,1,2,20,27.1
218294,2000,320,111,46,9,52,35,39,61,1,14,6,6,21,70.2
218294,2001,392,113,44,10,58,32,32,78,0,19,5,6,22,98.0
218294,2002,343,92,26,5,64,19,20,72,0,36,8,3,23,84.0
218294,2003,1034,204,66,24,208,90,110,112,24,32,18,20,24,244.2
218294,2004,77,6,7,1,17,12,15,7,3,0,2,1,25,17.1
218294,2005,667,115,71,17,156,80,82,40,22,0,5,12,26,148.0
218294,2006,689,129,61,18,179,96,103,27,27,0,8,12,27,155.0
218294,2007,1124,214,136,40,262,160,180,56,44,0,20,16,28,236.2
233694,1999,18,2,4,0,3,2,3,4,0,0,0,0,25,3.2
233694,2003,18,1,0,1,8,4,5,2,0,0,0,0,29,3.0
233694,2005,213,36,10,9,50,24,24,50,0,2,2,0,31,52.2
233694,2006,124,14,6,3,35,14,14,30,0,0,3,1,32,29.1
234194,1999,162,29,17,7,36,25,28,7,7,0,1,3,21,37.2
234194,2000,18,2,3,0,6,7,7,4,0,0,0,0,22,3.0
234194,2005,62,13,4,4,16,13,13,10,0,0,0,0,27,14.0
234194,2007,462,74,32,19,117,62,67,22,20,0,8,7,29,107.0
234194,2008,259,59,26,5,52,25,26,45,0,0,2,0,30,62.2
234194,2009,107,12,12,5,35,21,23,16,0,0,0,1,31,21.1
234194,2011,34,9,7,1,5,4,4,8,0,0,0,1,33,7.2
234194,2014,119,28,5,2,23,5,6,27,0,0,1,1,36,31.0
234194,2015,32,6,1,0,8,5,5,11,0,1,1,0,37,8.0
235097,1999,84,10,12,5,26,19,19,5,3,0,1,2,24,16.0
235097,2000,17,0,4,0,4,3,3,1,0,0,0,0,25,2.2
235097,2001,149,24,14,7,28,17,18,35,0,1,1,2,26,35.2
235097,2002,366,46,39,7,90,37,42,43,6,0,5,4,27,81.0
235097,2003,347,48,36,7,78,44,51,65,0,0,2,2,28,76.2
237334,1999,28,3,5,1,8,7,8,3,0,0,0,0,27,5.1
237694,1999,25,9,3,1,2,1,1,7,0,0,1,0,31,7.0
237694,2000,59,9,7,1,21,14,15,13,0,0,0,2,32,11.1
275931,2000,49,6,4,2,11,4,4,9,0,0,0,0,29,11.2
276373,2004,20,4,2,2,7,6,6,3,0,0,0,0,29,3.2
276373,2006,73,8,6,1,17,4,5,5,2,0,2,0,31,17.2
276373,2007,34,5,2,4,9,7,8,4,0,0,0,0,32,7.2
276540,2000,513,118,54,6,111,44,53,19,19,0,6,6,30,122.2
276540,2001,385,71,35,10,89,46,47,15,15,0,5,5,31,88.0
276914,2008,33,5,5,2,11,10,10,5,0,0,0,0,30,6.2
276914,2010,62,18,6,4,12,7,9,14,0,0,0,1,32,14.0
277406,2000,73,7,12,4,18,10,10,13,0,0,0,0,27,17.1
279615,2001,201,27,21,1,54,27,27,20,2,0,0,2,23,41.2
279615,2002,416,58,28,10,104,52,52,38,10,0,6,0,24,98.2
279615,2003,72,5,8,6,24,13,13,4,3,0,0,1,25,14.0
279615,2004,603,87,55,17,145,69,80,43,17,0,4,6,26,135.2
279615,2005,726,110,42,20,194,90,92,48,20,0,12,6,27,165.1
279615,2006,146,16,16,10,48,38,38,16,2,0,0,2,28,27.1
282327,2000,170,8,26,8,54,42,48,16,4,0,0,6,25,30.0
282327,2001,301,47,32,11,66,33,36,57,0,0,2,4,26,68.1
282327,2002,70,24,11,2,15,11,11,16,0,0,1,1,27,14.0
282327,2005,70,11,10,2,10,5,6,15,0,0,1,1,30,16.2
282327,2007,59,10,8,2,17,7,7,11,0,0,0,1,32,11.1
319114,2000,344,54,50,18,104,70,72,40,0,0,2,0,27,66.2
319114,2001,121,19,12,1,31,12,13,29,0,0,0,0,28,26.1
319114,2004,50,8,7,3,13,6,7,7,0,0,0,0,31,10.0
330892,2000,145,17,11,3,38,16,16,20,0,0,0,1,23,34.1
330892,2001,487,67,32,26,132,63,78,29,15,1,6,5,24,109.1
330892,2002,91,10,5,7,29,17,18,12,0,0,2,0,25,18.2
330892,2003,328,42,16,13,92,43,49,29,4,0,6,3,26,72.2
330892,2006,42,6,4,4,14,8,8,5,1,0,0,0,29,8.1
346801,2001,82,6,14,6,20,17,17,5,5,0,0,2,23,16.1
346801,2003,22,2,3,1,6,4,4,3,0,0,0,1,25,4.2
346801,2004,16,0,1,0,7,5,5,3,0,0,0,0,26,2.2
346801,2010,307,30,29,4,77,30,31,49,2,0,6,2,32,69.1
346801,2011,56,7,6,1,17,11,12,12,0,0,0,1,33,11.0
400062,2001,249,55,24,11,62,34,38,13,9,0,3,1,23,55.2
400062,2002,325,63,35,10,78,44,49,18,14,0,3,6,24,73.1
400062,2003,769,116,65,16,179,72,85,33,32,0,10,14,25,176.0
400062,2004,465,56,43,15,125,64,73,27,17,0,5,7,26,100.2
400062,2005,308,38,34,14,88,72,82,20,14,0,0,12,27,61.1
400062,2007,366,47,38,10,84,34,35,15,15,0,3,6,29,84.0
400062,2008,791,120,65,27,195,100,110,33,33,0,10,11,30,182.0
400062,2009,525,76,50,18,122,68,72,30,17,0,3,6,31,120.0
400113,2003,41,6,7,2,11,9,9,7,0,0,0,2,26,8.0
400113,2006,84,21,12,2,19,12,13,10,2,0,0,1,29,17.1
400113,2008,49,12,9,0,13,7,7,6,0,0,1,1,31,10.1
400141,2003,781,100,72,21,181,81,91,29,29,0,12,4,23,182.1
400141,2004,259,31,30,7,51,16,24,10,9,0,2,4,24,60.1
400141,2005,847,80,67,31,214,104,108,33,32,0,11,9,25,202.1
400141,2006,337,37,31,6,85,38,42,14,14,0,5,5,26,76.1
400141,2007,459,40,42,13,139,78,86,20,20,0,8,7,27,98.0
400141,2008,336,26,18,2,90,36,40,64,0,0,2,8,28,74.2
400141,2009,104,13,11,3,27,15,16,19,1,0,0,2,29,22.2
400141,2011,40,4,2,1,16,6,7,12,0,0,1,0,31,9.0
407400,2001,143,16,9,7,35,17,22,6,6,0,0,5,24,33.0
407400,2002,358,45,36,12,84,37,41,56,1,1,6,7,25,83.2
407400,2003,259,43,24,5,58,31,36,35,0,0,0,0,26,61.1
407400,2004,230,37,20,4,49,28,31,23,2,0,2,1,27,53.2
407400,2005,40,5,4,2,13,9,9,5,0,0,0,0,28,8.1
407400,2006,302,35,25,4,73,28,31,58,1,2,3,1,29,71.0
407400,2008,30,4,3,1,10,9,9,4,0,0,0,0,31,6.0
407784,2002,56,11,5,0,14,2,3,4,1,0,2,0,25,12.2
407784,2003,28,5,1,1,5,3,3,6,0,0,0,0,26,7.2
407794,2002,27,4,2,0,8,5,5,1,1,0,0,1,21,6.0
407794,2003,247,47,31,8,56,32,32,44,0,1,6,2,22,57.0
407794,2004,75,11,10,3,17,8,13,3,3,0,1,1,23,15.1
407795,2002,18,1,3,0,5,2,2,1,1,0,0,0,22,4.0
407795,2004,75,13,5,3,20,15,16,12,0,1,0,0,24,16.0
407795,2007,38,8,3,1,12,7,7,3,1,1,0,0,27,7.2
407808,2004,226,33,16,13,62,37,38,18,7,0,2,5,23,49.1
407832,2011,4,0,0,0,0,0,0,1,0,0,1,0,33,1.0
407838,2007,137,16,13,8,32,18,18,7,6,0,3,0,29,32.2
407843,2002,131,5,6,2,38,10,13,5,5,0,1,3,22,30.0
408052,2003,53,7,6,5,16,11,13,4,1,0,0,1,24,10.1
408052,2005,79,8,4,1,19,7,7,5,2,1,0,1,26,18.2
408052,2006,54,7,9,3,16,12,12,7,0,0,0,1,27,10.1
408052,2007,331,56,24,7,81,41,43,51,0,0,3,3,28,77.1
408052,2008,90,14,12,2,30,18,18,10,0,0,0,1,29,16.0
408052,2009,70,13,9,1,16,18,18,13,0,0,0,0,30,14.2
408052,2013,7,1,2,0,2,1,1,1,0,0,0,0,34,1.0
408249,2003,125,15,17,3,26,13,13,23,0,1,1,2,30,28.1
408249,2006,103,22,16,5,23,12,13,22,0,0,0,1,33,20.0
408250,2004,141,25,12,5,35,17,17,10,5,0,1,2,28,32.2
424465,2002,316,45,22,8,79,36,36,12,12,0,4,4,24,74.1
424465,2003,397,48,37,9,87,47,51,16,16,0,7,5,25,91.2
424465,2005,706,88,70,18,172,98,101,29,29,0,8,14,27,159.2
424465,2006,508,50,48,22,145,79,87,21,21,0,6,10,28,109.2
424465,2008,98,15,11,4,32,18,19,4,4,0,0,3,30,19.1
424668,2003,42,3,7,1,8,5,5,4,0,0,0,0,25,9.1
424668,2004,271,44,20,13,75,32,35,50,0,0,2,3,26,62.0
424668,2005,42,1,4,0,13,8,8,5,0,0,0,1,27,8.1
424668,2006,232,30,20,3,55,24,26,55,0,0,2,1,28,54.1
424668,2007,3,0,0,0,0,0,0,1,0,0,0,0,29,1.0
424668,2008,15,3,3,1,4,1,1,4,0,0,1,0,30,3.2
425286,2002,39,5,2,3,14,10,10,2,2,0,0,2,25,7.2
425286,2003,303,34,25,10,81,37,40,12,11,0,2,5,26,65.2
425286,2004,529,59,42,15,138,76,80,25,20,0,6,8,27,118.0
425286,2005,305,33,36,7,74,38,41,23,8,0,1,4,28,65.0
425286,2007,278,35,36,7,72,43,49,18,7,0,2,3,30,59.0
425510,2004,39,9,4,1,10,8,9,2,2,0,0,1,22,7.2
425510,2006,34,2,6,2,10,8,8,4,1,0,0,0,24,6.2
425510,2008,56,11,10,2,13,7,8,13,0,0,0,3,26,11.2
425658,2003,316,64,34,5,58,28,31,72,0,14,1,3,28,73.2
425658,2004,95,13,13,5,21,14,15,18,0,0,1,1,29,21.0
425658,2005,144,44,14,4,32,8,10,22,0,0,0,2,30,33.1
425658,2007,76,7,6,2,18,10,10,10,0,1,0,0,32,17.1
425658,2008,344,61,22,9,86,31,33,48,0,0,4,1,33,78.2
429440,2003,85,14,7,3,28,10,10,9,2,0,2,1,20,18.1
429440,2004,228,31,18,15,72,48,49,10,10,0,0,9,21,46.1
429440,2005,5,1,2,1,2,4,4,1,0,0,0,0,22,0.1
429440,2006,182,28,9,7,45,20,20,11,5,0,3,4,23,42.2
429440,2007,437,62,28,18,110,57,61,32,12,0,8,4,24,102.0
429440,2008,221,32,21,8,58,32,34,17,6,0,1,3,25,48.0
429440,2009,299,39,28,4,76,40,41,26,6,0,0,4,26,65.1
429440,2011,11,1,1,0,5,2,2,1,0,0,0,0,28,2.0
429440,2012,105,18,8,3,23,14,14,6,6,0,3,1,29,25.0
429440,2013,174,22,16,12,52,30,32,16,0,0,0,2,30,36.0
429708,2010,3,1,0,0,0,0,0,1,0,0,0,0,26,1.0
429714,2004,284,38,26,6,88,56,56,14,10,0,0,8,23,59.1
429714,2005,160,23,17,2,36,23,23,7,7,0,2,2,24,35.2
429714,2006,388,54,42,10,94,52,68,24,16,0,0,6,25,83.1
429714,2007,48,8,4,0,18,12,12,9,1,0,2,1,26,8.2
429714,2008,540,86,84,12,122,70,70,102,0,0,8,8,27,120.0
429714,2009,61,15,7,1,15,8,8,14,0,0,1,1,28,13.2
429714,2010,157,44,27,4,25,14,14,31,0,0,2,0,29,33.2
429715,2004,134,16,22,9,35,29,31,6,6,0,1,3,21,26.0
429715,2007,40,5,5,2,10,7,7,2,2,0,0,0,24,8.2
429715,2012,888,142,64,20,196,98,106,56,30,0,12,8,29,215.1
429715,2013,422,80,44,24,92,54,54,92,6,0,4,4,30,100.2
429984,2004,118,21,14,5,29,15,18,26,0,0,2,1,27,25.0
429984,2005,199,36,17,10,46,30,32,29,1,0,1,0,28,44.2
429984,2006,426,89,33,12,89,40,41,83,0,1,6,4,29,102.1
429984,2007,764,128,88,24,156,70,82,166,0,0,10,10,30,172.2
429984,2008,184,46,24,7,41,26,30,41,0,0,2,0,31,38.2
429984,2010,24,6,4,1,4,4,4,6,0,0,0,0,33,5.2
429984,2011,402,58,62,22,100,64,68,78,0,0,4,12,34,80.2
430588,2006,411,70,41,18,87,45,46,40,11,0,3,3,23,96.1
430588,2008,49,12,2,2,17,10,10,11,0,0,0,1,25,10.2
430588,2009,161,23,19,4,36,12,13,8,7,0,3,3,26,36.2
430588,2010,185,38,22,10,37,28,28,40,1,0,2,4,27,42.0
430597,2007,104,9,12,6,39,30,30,6,6,0,0,4,25,18.0
430597,2008,351,52,42,7,82,46,48,21,11,0,3,4,26,78.2
430597,2009,64,7,11,4,13,10,11,15,0,0,0,2,27,13.0
430597,2011,196,29,25,7,45,18,22,45,0,1,1,3,29,41.1
430638,2004,82,15,8,0,18,7,9,18,0,0,2,1,24,19.0
430638,2005,612,94,42,34,164,86,90,70,14,0,4,12,25,138.2
430638,2006,170,25,14,6,46,21,21,20,1,1,2,0,26,38.2
430638,2009,220,29,22,7,50,27,27,43,0,0,2,3,29,50.1
430638,2010,14,1,2,0,5,4,4,5,0,0,0,0,30,2.0
430638,2012,37,3,3,0,12,6,6,3,0,0,0,0,32,8.0
430642,2004,42,4,5,2,14,10,10,3,2,0,0,1,23,8.0
430642,2005,67,14,5,1,17,5,6,17,0,0,1,1,24,15.2
430642,2006,310,58,31,11,65,35,37,61,0,0,4,2,25,71.2
430642,2007,230,40,18,14,56,32,38,34,0,0,0,6,26,52.0
430642,2008,9,2,0,0,3,1,1,1,0,0,0,0,27,2.0
430654,2008,776,90,62,24,196,96,110,98,8,2,8,8,26,178.2
430654,2009,400,54,44,11,106,47,52,48,0,0,5,3,27,86.1
430654,2010,42,5,10,0,9,10,11,4,0,0,0,0,28,7.1
430675,2005,61,3,11,3,18,14,16,3,3,0,0,3,24,11.1
430675,2006,44,7,5,2,11,5,5,4,1,0,0,1,25,9.1
430675,2007,181,28,27,6,44,29,32,29,1,0,2,2,26,36.2
430675,2008,47,9,9,1,11,8,8,4,0,0,0,0,27,9.1
430675,2009,138,30,24,4,30,24,24,40,0,0,0,6,28,28.2
430675,2013,13,1,3,1,3,1,1,4,0,0,0,1,32,2.2
430680,2004,144,16,14,3,35,19,19,27,0,0,1,1,26,32.2
430680,2005,154,23,18,4,32,15,19,23,0,0,1,1,27,34.2
430680,2006,75,12,7,2,24,15,16,16,0,0,2,1,28,15.2
430680,2009,286,33,28,14,72,39,39,11,11,0,5,3,31,65.1
430683,2004,109,16,14,2,31,21,24,7,5,0,1,2,21,21.1
430683,2006,31,8,3,1,8,4,4,2,1,0,0,1,23,6.2
430683,2007,566,78,40,14,133,66,72,26,23,0,7,10,24,133.1
430683,2008,194,17,13,8,54,29,31,12,6,0,0,3,25,43.2
430683,2010,146,29,8,6,27,13,15,23,1,0,0,3,27,35.1
430683,2011,60,5,5,1,15,8,8,9,0,0,0,1,28,12.2
430683,2012,640,104,42,14,172,96,104,28,24,0,4,20,29,139.1
430683,2013,12,1,0,1,6,2,2,1,0,0,0,0,30,2.0
430683,2014,28,3,3,1,8,7,7,2,0,0,0,0,31,5.1
430684,2005,49,11,6,2,9,5,8,5,0,0,0,0,28,12.0
430950,2008,16,1,0,0,4,1,1,3,0,0,0,0,29,4.0
430950,2011,46,4,3,3,12,6,6,2,2,0,0,1,32,10.1
430962,2005,68,11,13,1,10,9,9,3,3,0,1,0,24,14.2
430962,2006,51,9,7,5,15,13,13,2,2,0,0,2,25,10.0
430962,2007,196,38,16,5,48,28,30,36,0,0,1,1,26,45.1
430962,2008,341,55,37,10,92,51,52,20,6,0,3,5,27,71.2
430962,2009,300,54,29,7,64,30,31,20,10,0,5,3,28,69.2
430962,2010,262,47,34,7,61,27,28,38,2,0,4,5,29,56.2
430968,2004,245,50,21,6,40,16,17,59,0,19,6,4,35,62.1
430968,2005,336,76,38,22,82,42,42,80,0,16,4,4,36,72.2
433657,2004,412,64,25,11,95,40,47,16,16,0,5,4,24,97.2
433657,2005,575,75,29,20,142,68,73,25,24,0,5,11,25,136.1
433657,2006,869,166,38,26,201,103,111,34,32,0,12,11,26,210.0
433657,2007,810,134,44,27,217,106,110,33,31,0,12,10,27,186.1
433657,2008,763,109,48,29,163,86,92,31,29,0,9,10,28,185.0
433657,2009,508,89,37,19,131,81,84,22,21,0,5,9,29,114.1
433657,2010,781,107,65,28,198,88,108,32,31,0,8,13,30,174.1
433657,2011,166,23,9,6,47,24,27,17,3,0,0,1,31,37.1
433657,2013,15,1,1,4,5,5,5,1,0,0,0,0,33,3.0
434629,2007,91,10,5,2,29,17,19,7,4,0,0,2,23,17.1
434629,2010,95,16,10,4,21,14,14,14,0,0,1,0,26,22.1
434629,2012,147,18,13,2,35,14,15,17,2,0,1,1,28,34.1
434679,2005,37,5,5,1,9,5,5,7,0,0,0,0,22,8.0
434679,2006,15,1,3,0,5,5,5,1,0,0,0,0,23,2.0
434679,2007,57,9,7,4,14,10,10,3,3,0,0,2,24,11.2
434679,2009,62,7,8,4,14,6,8,3,2,0,0,1,26,13.1
434679,2010,120,18,9,9,34,25,25,6,6,0,1,4,27,26.1
434878,2005,329,76,42,6,68,26,27,67,0,0,2,5,22,75.1
434878,2006,278,52,40,8,66,46,47,65,0,1,1,3,23,58.1
434878,2007,74,13,11,2,19,13,13,19,0,0,0,1,24,14.0
434885,2005,578,90,52,21,145,74,79,35,19,0,6,9,25,129.0
434885,2007,113,21,7,5,28,13,14,18,0,0,0,2,27,28.0
435082,2005,106,23,13,2,22,10,12,33,0,0,0,0,35,23.0
444446,2008,358,50,28,12,92,49,53,15,15,0,3,7,22,80.0
444446,2009,135,20,14,10,34,23,24,7,7,0,1,4,23,30.1
444446,2010,89,28,11,2,15,6,6,17,0,0,0,1,24,21.0
444446,2011,159,34,14,7,38,18,21,23,0,0,1,4,25,35.2
444446,2012,83,12,11,5,14,13,14,11,0,0,2,0,26,18.0
444446,2015,77,13,13,3,17,13,13,15,0,0,1,1,29,15.2
444553,2011,369,64,32,13,83,50,57,43,8,0,1,6,23,85.1
444553,2012,22,6,2,2,2,2,2,1,1,0,0,0,24,6.0
445193,2010,26,5,5,0,4,3,3,6,0,0,0,0,25,5.2
445193,2012,33,11,4,2,10,9,9,6,0,0,0,1,27,6.1
445193,2013,73,23,8,1,14,7,7,16,0,1,2,2,28,17.0
445968,2005,146,23,18,2,40,21,21,27,0,1,1,1,21,31.2
445968,2006,141,32,16,4,39,25,25,9,5,0,0,3,22,27.2
445968,2007,28,3,5,0,8,8,8,5,1,0,1,0,23,5.0
445968,2008,737,118,77,10,172,81,82,29,29,0,9,9,24,168.0
445968,2009,221,22,26,4,70,35,39,13,9,0,2,4,25,44.0
445968,2010,524,48,64,8,144,82,88,24,20,0,6,10,26,108.2
445968,2011,118,16,6,1,28,10,10,5,5,0,3,2,27,29.2
445968,2012,145,18,13,3,32,17,18,14,2,0,0,1,28,32.1
445968,2014,115,27,6,2,24,8,8,30,0,1,1,1,30,27.1
445968,2015,18,4,3,1,5,2,2,10,0,0,0,1,31,3.1
445968,2016,119,21,19,3,32,23,23,33,0,0,0,1,32,23.0
446003,2009,13,0,2,0,3,1,1,3,0,0,0,1,26,2.2
446003,2011,52,8,5,1,16,8,11,6,0,0,0,0,28,10.1
446003,2012,350,58,38,10,78,44,46,60,0,0,2,2,29,80.2
446003,2013,12,4,2,1,3,2,2,4,0,0,0,0,30,2.1
448693,2007,66,6,3,4,24,16,16,14,0,0,0,1,24,12.1
448693,2010,56,9,6,1,12,6,6,11,0,0,0,0,27,12.2
448693,2013,207,21,15,5,58,22,24,22,3,0,1,3,30,47.2
449173,2010,119,15,17,2,34,13,18,8,3,0,1,0,25,24.0
449173,2011,172,30,16,0,46,18,24,18,4,0,0,4,26,36.0
449173,2012,827,140,78,13,185,81,90,32,32,0,11,11,27,193.2
449173,2013,707,89,88,20,174,100,111,36,22,0,6,17,28,153.2
449173,2014,66,9,9,2,19,13,14,3,3,0,0,3,29,12.1
449173,2016,416,72,50,8,92,44,48,18,18,0,6,4,31,94.0
449173,2017,33,6,4,1,10,5,5,4,0,0,0,0,32,6.1
450545,2008,112,9,14,3,37,17,20,8,4,0,2,1,25,22.1
450545,2009,172,25,10,4,39,15,17,24,2,1,0,1,26,42.2
450545,2010,100,10,11,7,30,15,15,13,0,0,1,1,27,22.1
451546,2007,99,8,10,5,30,19,20,16,0,0,0,1,24,20.0
451628,2009,83,16,10,3,23,12,13,5,3,0,2,2,24,17.0
451628,2010,69,5,8,1,18,11,12,8,1,0,0,2,25,14.2
451628,2013,316,54,15,15,77,34,41,33,5,1,3,3,28,74.0
451628,2014,38,8,1,2,11,7,7,6,0,0,0,1,29,8.2
452027,2013,249,25,7,6,64,27,34,10,10,0,2,5,27,60.0
452027,2015,11,1,2,1,1,1,1,1,0,0,0,0,29,2.2
452027,2016,85,16,6,5,27,11,16,6,2,0,0,0,30,17.0
452027,2017,178,37,10,6,43,16,22,9,6,1,5,1,31,41.0
452027,2021,89,12,9,9,24,16,16,5,3,0,1,2,35,19.0
452676,2008,54,5,11,3,16,12,12,3,1,0,0,0,24,9.2
452676,2010,696,88,69,13,169,78,88,28,28,0,10,13,26,159.1
452676,2011,299,36,28,10,90,47,47,12,12,0,2,6,27,63.2
453249,2009,146,21,15,4,39,20,21,11,5,0,1,1,24,31.2
453249,2010,124,21,6,3,34,17,20,13,1,0,2,1,25,29.0
453249,2011,19,2,4,0,5,3,3,5,0,0,0,0,26,3.1
453249,2012,98,12,7,4,29,19,19,12,0,0,0,0,27,21.2
453249,2013,139,18,12,6,37,24,25,11,4,0,0,5,28,30.2
453249,2014,105,16,14,1,24,17,17,20,0,0,1,2,29,23.0
453249,2015,144,33,10,1,20,4,4,32,0,0,1,0,30,39.1
453249,2016,189,36,22,7,40,15,20,53,0,0,2,1,31,43.1
453307,2009,574,65,41,16,159,80,82,23,23,0,11,8,24,128.1
453307,2010,369,37,34,14,101,55,61,15,15,0,2,11,25,79.2
453307,2011,227,36,17,6,55,23,35,11,10,0,2,6,26,50.2
453307,2012,114,19,5,5,30,10,14,6,4,0,3,1,27,26.2
453307,2013,302,62,18,14,66,46,46,28,4,0,6,2,28,75.1
453307,2014,516,78,46,10,122,44,50,92,0,0,8,2,29,118.0
453307,2015,30,4,1,2,11,6,6,3,1,0,0,0,30,6.0
453307,2016,32,3,2,4,13,7,10,2,2,0,0,2,31,5.1
453646,2006,215,39,11,8,43,22,22,10,6,0,2,2,22,53.2
453646,2007,489,99,53,16,101,50,52,59,6,1,8,5,23,114.1
453646,2008,464,93,30,18,112,49,53,47,9,1,4,7,24,108.1
453646,2009,422,83,35,13,102,57,58,64,6,3,4,10,25,96.0
453646,2010,231,67,22,7,48,27,27,50,0,1,2,0,26,52.2
453646,2011,454,68,32,11,103,48,49,33,13,0,6,4,27,107.0
453646,2012,521,122,46,23,113,58,59,38,16,0,7,7,28,125.1
453646,2013,524,103,40,14,117,58,58,47,15,0,7,8,29,128.2
453646,2014,343,72,19,6,89,40,42,42,5,2,5,7,30,77.2
453646,2015,250,55,21,6,50,20,21,35,0,2,4,3,31,61.0
453646,2016,321,61,14,17,89,49,50,51,0,1,2,2,32,74.0
455605,2009,341,37,24,14,85,38,40,15,15,0,5,4,26,77.0
455605,2010,212,31,11,9,56,22,30,9,9,0,1,5,27,48.0
455961,2009,128,17,17,2,28,14,15,6,6,0,2,4,26,28.1
456051,2011,247,45,22,6,63,28,29,30,2,0,2,2,24,56.1
456051,2012,453,68,39,21,107,69,71,22,18,0,2,12,25,106.2
456051,2013,134,21,12,3,42,20,21,12,1,0,0,1,26,27.1
456051,2014,1466,246,112,56,360,182,196,66,54,0,16,24,27,344.2
456051,2015,154,22,17,7,41,25,26,10,5,0,0,4,28,32.2
456051,2019,124,24,14,7,30,26,26,12,4,0,0,3,32,27.2
456071,2014,241,34,16,5,55,34,34,16,10,0,0,6,28,59.0
456071,2015,296,43,25,14,73,36,36,19,10,0,3,3,29,68.1
456071,2016,20,0,3,0,8,5,6,2,0,0,0,0,30,3.2
456387,2006,73,11,7,3,15,7,7,4,2,0,0,1,20,17.0
456387,2007,236,27,23,10,73,44,44,13,9,0,1,6,21,49.1
456387,2008,183,26,14,7,59,34,34,8,8,0,1,4,22,39.2
456387,2014,36,4,2,0,12,5,5,6,0,0,0,0,28,7.1
456387,2019,29,4,1,2,11,7,7,2,1,0,0,1,33,5.2
456558,2006,88,5,10,1,15,7,7,5,3,0,0,2,26,21.2
456558,2007,257,29,23,5,65,38,40,16,8,0,3,5,27,57.1
457425,2008,61,7,12,3,11,10,11,9,0,0,0,1,25,13.0
457425,2009,195,42,29,2,34,18,18,41,0,0,1,1,26,47.0
457425,2010,324,70,31,5,53,19,25,70,0,4,5,4,27,80.0
457425,2011,100,17,12,1,27,8,11,24,0,0,1,1,28,20.2
457425,2012,57,8,6,1,14,9,9,12,0,0,0,0,29,12.0
457425,2014,107,16,11,3,26,15,16,23,0,0,0,4,31,23.1
457456,2007,230,27,30,9,55,35,39,11,10,0,2,2,22,50.2
457456,2008,512,78,52,18,134,73,77,23,22,0,3,11,23,113.0
457456,2009,119,21,13,4,27,21,25,6,5,0,0,2,24,27.0
457456,2010,23,2,3,2,10,9,9,1,0,0,0,0,25,3.1
457456,2011,1282,174,96,42,352,174,198,58,50,0,14,22,26,281.1
457456,2015,1,0,0,0,0,0,0,1,0,0,1,0,30,0.1
457456,2016,10,0,1,0,3,2,2,1,0,0,0,0,31,2.0
457711,2009,227,29,16,12,60,34,34,12,10,0,4,2,21,51.2
457711,2010,736,86,62,30,180,102,106,38,28,0,8,12,22,167.1
457711,2011,273,19,26,10,78,47,52,12,10,0,2,6,23,58.1
457711,2013,118,12,14,0,31,11,12,7,3,0,0,2,25,25.0
457711,2014,52,7,2,3,15,9,9,3,2,0,0,1,26,12.2
457711,2015,328,35,20,16,94,48,49,13,13,0,1,6,27,71.0
457711,2016,98,13,6,3,30,16,17,5,4,0,2,0,28,21.1
457796,2007,162,28,28,4,42,28,28,7,7,0,1,3,23,32.1
457796,2008,621,83,62,17,168,98,100,26,26,0,9,10,24,132.2
457796,2009,347,47,34,19,79,50,52,31,11,0,3,5,25,80.1
457796,2010,172,31,15,6,42,19,20,35,0,1,0,3,26,37.2
457796,2011,21,4,3,0,2,1,1,4,0,0,1,1,27,4.1
457796,2012,5,0,1,0,3,4,4,1,0,0,0,0,28,0.1
458676,2011,116,28,10,0,21,9,9,27,0,0,1,0,24,29.2
458676,2012,608,140,70,26,122,56,62,148,0,2,6,10,25,142.0
458676,2013,137,21,11,4,35,19,19,8,5,0,1,3,26,31.1
458676,2014,22,2,2,1,5,2,2,1,1,0,0,0,27,4.2
458676,2017,51,10,3,0,18,9,9,4,0,0,0,0,30,10.1
458676,2020,191,52,16,6,42,26,26,12,10,0,2,4,33,45.1
458676,2021,85,17,10,5,23,18,18,8,0,0,0,0,34,16.2
458690,2008,365,52,36,3,76,27,30,15,14,0,6,4,21,84.1
458690,2009,682,107,59,29,169,92,100,29,29,0,9,13,22,159.0
458690,2010,758,102,60,17,187,89,94,30,30,0,12,9,23,175.0
458690,2011,719,117,49,23,187,90,96,29,29,0,5,13,24,165.2
458690,2012,507,61,43,16,137,78,81,21,21,0,3,12,25,111.1
458690,2013,47,3,1,1,19,10,10,6,0,0,0,0,26,8.1
458690,2015,7,0,0,0,2,0,0,1,0,0,0,0,28,2.0
458690,2017,76,10,5,4,16,10,11,6,2,0,1,2,30,19.1
458690,2018,215,29,12,9,65,33,35,33,1,0,1,5,31,47.1
458950,2006,7,2,1,0,0,0,0,2,0,0,0,0,23,2.0
458950,2007,32,2,2,1,9,6,6,3,1,0,0,0,24,7.0
458950,2008,50,6,5,4,11,6,6,5,0,0,0,0,25,11.2
458950,2009,50,9,9,1,17,8,8,8,0,0,0,0,26,9.0
458950,2010,94,16,7,1,22,10,10,8,1,0,2,1,27,21.2
458950,2011,676,116,41,14,151,68,71,28,26,0,9,9,28,163.0
458950,2012,462,85,44,23,113,73,74,26,16,0,5,5,29,102.0
458950,2013,259,36,20,9,75,48,48,17,7,0,0,8,30,54.2
459345,2009,14,1,2,0,4,2,2,3,0,0,0,0,26,3.0
459345,2011,22,2,4,0,4,0,1,2,0,0,0,0,28,5.1
459345,2012,45,8,2,2,14,6,6,4,1,0,0,1,29,9.2
459376,2007,198,24,17,2,56,35,36,34,0,0,3,0,26,42.0
459376,2008,114,11,15,5,28,15,15,15,0,0,0,0,27,24.0
461872,2009,268,34,20,12,76,41,43,12,12,0,3,7,23,59.0
461872,2011,441,55,26,9,111,49,53,27,11,0,4,7,25,102.0
461872,2012,413,62,31,15,106,54,57,44,5,0,3,6,26,96.2
461872,2013,387,69,22,7,89,31,33,48,0,0,3,2,27,96.0
461872,2014,378,47,28,5,100,44,48,50,4,0,3,2,28,86.0
461872,2015,61,13,4,1,18,5,9,10,0,0,0,0,29,13.1
461872,2016,124,31,7,10,28,19,19,26,0,0,1,2,30,31.0
461872,2017,606,182,44,12,116,40,42,140,0,4,12,8,31,154.2
461872,2018,116,31,14,6,28,18,18,29,0,4,0,2,32,26.1
461872,2019,468,104,54,24,104,54,60,118,0,8,6,8,33,106.2
461872,2021,112,18,2,8,40,26,26,26,0,0,0,2,35,24.2
462995,2007,379,82,48,15,94,62,63,18,17,0,4,6,22,81.2
462995,2008,74,20,10,1,20,12,12,4,4,0,1,1,23,14.0
462995,2009,256,49,21,11,57,28,29,11,11,0,3,2,24,58.2
462995,2010,152,36,16,4,32,20,28,18,2,0,0,2,25,35.1
462995,2011,46,7,8,4,12,8,9,4,2,0,0,0,26,9.0
462995,2012,16,3,1,0,5,4,4,4,0,0,0,1,27,2.2
464400,2011,231,38,23,7,54,31,31,10,10,0,3,5,25,53.1
464416,2014,258,50,14,8,66,34,37,11,11,0,2,5,30,60.1
464416,2015,82,13,3,2,23,7,8,7,1,0,0,2,31,19.1
467094,2010,113,23,10,3,27,12,16,12,3,2,2,2,22,25.0
467094,2011,47,6,8,1,12,7,7,11,0,1,0,0,23,10.1
467094,2012,709,167,71,24,162,87,95,29,29,0,11,10,24,161.0
467094,2013,705,139,71,13,161,78,84,29,27,0,11,6,25,162.1
467094,2014,728,102,66,24,182,98,108,42,28,0,8,10,26,159.1
467094,2015,656,112,52,20,174,92,100,32,24,2,6,6,27,150.2
467100,2010,185,26,17,4,44,21,22,10,7,0,1,2,23,42.0
467100,2011,704,98,57,13,163,68,74,28,27,0,16,4,24,165.1
467100,2012,748,153,56,28,194,95,100,28,28,0,12,8,25,170.1
467100,2013,586,116,44,9,135,48,49,23,20,0,9,6,26,139.1
467100,2014,96,12,6,6,32,19,19,4,4,0,2,2,27,20.2
467100,2015,413,63,33,13,99,53,54,17,17,0,6,11,28,94.0
467100,2016,1368,254,56,46,350,150,162,64,52,2,24,16,29,324.0
467100,2017,785,131,36,29,203,86,96,31,31,0,11,14,30,187.0
467100,2018,683,114,35,26,171,75,82,29,29,0,9,9,31,161.0
467100,2019,806,114,47,30,225,98,107,34,34,0,11,12,32,187.0
467100,2020,88,9,9,4,22,18,18,4,4,0,1,1,33,19.0
467785,2007,122,24,23,3,25,19,21,9,4,0,0,2,23,24.2
467785,2008,393,57,51,16,99,63,67,17,17,0,6,6,24,84.1
467785,2009,16,1,2,1,8,10,10,2,0,0,0,0,25,1.1
467785,2015,106,27,12,4,26,11,11,14,0,0,1,4,31,23.1
468396,2010,171,39,16,2,31,6,6,44,0,0,4,1,26,41.2
468396,2011,693,126,43,16,149,66,73,31,29,0,13,8,27,169.0
468396,2012,263,66,17,9,49,24,26,58,1,3,2,0,28,66.0
468396,2013,428,72,41,11,87,36,38,23,18,0,7,4,29,104.1
468396,2014,122,22,15,1,33,19,19,27,0,1,2,3,30,25.0
468396,2015,277,53,28,12,59,29,29,64,0,0,3,1,31,65.1
468396,2016,148,29,23,2,32,14,18,36,0,0,2,1,32,32.0
468396,2018,8,1,3,0,2,2,2,1,0,0,0,1,34,1.0
469134,2009,16,3,2,0,3,2,2,1,1,0,0,0,23,4.0
469134,2010,333,66,26,5,94,49,59,28,8,0,2,3,24,72.0
469134,2011,404,63,47,14,110,65,65,18,13,0,6,6,25,83.0
469134,2012,696,166,60,14,166,82,84,134,0,0,6,6,26,157.1
469134,2013,598,96,44,21,152,73,76,44,20,0,5,9,27,137.2
469134,2014,404,88,34,16,100,58,60,68,2,0,4,0,28,91.1
469134,2015,153,31,14,5,41,23,29,18,0,0,1,1,29,33.0
471911,2009,112,11,11,6,40,22,23,5,5,0,0,4,22,22.1
471911,2010,188,38,14,6,47,19,20,7,7,0,2,2,23,44.2
471911,2011,536,85,40,15,130,64,68,21,21,0,8,9,24,124.2
471911,2013,218,30,18,4,64,35,36,15,7,0,1,4,26,46.2
471911,2014,529,140,29,7,103,38,40,40,14,1,8,7,27,134.0
471911,2015,730,216,43,18,154,74,75,30,30,0,14,12,28,183.2
471911,2016,599,150,34,21,134,54,64,25,25,0,11,8,29,146.1
471911,2017,798,226,46,21,173,73,73,32,32,0,18,6,30,200.0
471911,2018,784,231,43,21,173,72,78,32,30,0,17,10,31,192.0
471911,2019,341,96,16,18,92,47,48,23,12,1,6,7,32,80.0
471911,2020,280,82,27,8,55,22,22,12,12,0,3,4,33,68.0
471911,2021,237,50,18,12,59,36,39,12,12,0,1,5,34,53.2
471911,2022,645,152,41,17,161,67,71,29,29,0,15,7,35,152.0
471911,2023,417,66,38,18,115,68,71,20,20,0,3,8,36,90.0
471911,2024,447,89,33,19,112,65,68,21,21,0,3,10,37,103.2
471911,2025,424,68,34,20,122,72,72,22,18,0,4,4,38,91.1
471911,2026,73,7,3,3,21,11,11,8,0,0,0,0,39,16.2
472490,2006,77,17,6,7,23,14,14,10,1,0,0,1,23,15.0
472490,2007,110,14,11,2,31,19,19,17,0,0,1,2,24,23.1
472490,2008,5,1,1,0,0,0,0,1,0,0,0,0,25,1.1
474668,2011,126,13,17,1,32,17,18,6,6,0,2,2,23,26.2
474668,2013,18,0,0,2,9,7,7,1,1,0,0,1,25,2.2
474668,2014,107,20,13,3,22,13,14,35,0,0,2,0,26,24.1
474668,2015,16,4,1,2,4,4,4,1,0,0,0,0,27,3.1
474668,2016,197,22,21,8,55,30,32,9,9,0,0,5,28,38.2
476206,2008,22,2,2,0,9,3,3,8,0,0,0,1,24,4.0
476206,2010,62,5,5,3,21,9,9,12,0,0,0,1,26,13.0
476206,2012,74,14,6,2,24,14,14,22,0,0,0,0,28,15.1
476594,2018,166,38,13,1,37,11,13,32,0,0,1,1,28,39.2
476594,2019,56,15,8,2,14,12,14,10,0,0,1,0,29,10.2
476594,2020,62,14,10,0,16,7,9,10,0,0,0,1,30,13.1
476594,2021,90,18,18,6,20,16,16,6,6,0,0,4,31,18.0
476594,2025,15,1,4,1,4,3,3,2,0,0,0,0,35,2.2
476594,2026,147,29,15,2,38,20,21,8,7,0,1,3,36,30.1
476601,2008,22,3,1,0,7,2,2,1,1,0,1,0,21,5.0
476601,2009,75,12,6,3,23,17,17,8,1,0,1,1,22,16.0
476601,2010,66,13,4,2,20,8,8,14,0,0,0,1,23,15.1
476601,2011,90,17,11,3,19,9,9,14,0,0,0,0,24,20.0
476601,2012,330,64,34,10,64,26,26,64,0,0,0,0,25,79.1
476601,2013,158,23,15,3,32,18,18,34,0,0,1,3,26,37.2
493200,2016,313,103,18,5,55,17,20,76,0,19,6,3,33,79.2
493200,2017,264,54,15,10,68,27,31,62,0,20,1,6,34,59.1
493200,2018,548,158,34,16,104,40,42,146,0,6,12,6,35,136.2
493200,2019,88,16,6,6,29,19,19,21,0,0,3,1,36,18.1
493337,2010,118,12,11,3,30,17,18,5,5,0,0,3,28,26.0
493337,2011,142,15,10,3,40,19,19,10,5,0,1,1,29,32.2
493337,2013,3,0,0,1,2,2,2,1,0,0,0,1,31,0.1
499107,2008,13,1,1,1,5,2,2,1,0,0,0,0,27,2.1
499107,2012,69,7,2,0,16,3,4,18,0,0,1,1,31,17.1
499107,2013,31,5,2,0,4,0,0,7,0,0,1,0,32,8.1
499107,2014,142,20,7,3,36,15,16,30,0,0,0,0,33,32.1
501870,2011,175,28,14,8,36,16,17,26,3,1,2,1,27,44.0
501870,2012,263,35,21,11,68,34,34,18,5,0,1,4,28,61.1
501870,2013,3,0,0,0,1,0,0,1,0,0,0,0,29,0.2
501870,2015,24,4,3,0,5,1,1,4,0,0,0,0,31,5.2
502010,2015,84,12,8,1,28,16,16,12,0,0,0,1,27,16.2
502102,2011,127,14,11,2,28,14,16,14,2,0,0,2,25,29.0
502102,2012,189,29,8,6,49,20,25,27,1,0,2,1,26,46.1
502102,2013,15,2,2,0,6,3,3,2,0,0,0,1,27,2.2
502139,2011,57,8,7,1,14,10,10,14,0,1,0,2,23,13.0
502139,2012,38,3,5,1,7,1,1,6,1,0,0,0,24,9.1
502139,2013,63,12,3,4,10,6,7,11,1,0,0,0,25,17.0
502139,2014,61,6,6,2,16,9,9,8,0,0,0,0,26,13.0
503566,2017,8,2,1,0,3,2,2,2,0,0,0,0,28,1.1
504186,2015,115,19,9,3,30,13,14,19,0,0,0,2,26,26.2
504186,2016,11,2,1,1,3,2,2,2,0,0,0,0,27,2.1
516970,2015,117,14,14,3,30,21,21,16,0,0,0,1,26,25.2
518445,2017,293,57,31,12,81,48,49,28,4,0,0,3,28,62.1
518445,2018,36,7,2,1,14,7,7,3,0,0,0,1,29,7.1
518852,2014,66,10,4,3,18,3,6,4,1,0,0,0,24,14.1
518876,2019,777,158,57,29,184,90,95,32,32,0,13,14,30,183.1
518876,2020,125,29,5,5,26,9,9,5,5,0,3,2,31,31.1
518876,2021,667,130,41,21,163,78,82,27,27,0,7,11,32,158.0
518876,2022,804,177,61,21,167,75,77,33,33,0,13,8,33,200.1
518876,2023,722,187,69,20,143,65,71,30,30,0,12,8,34,177.2
518876,2024,300,63,19,11,67,33,35,13,13,0,5,1,35,73.2
518876,2025,1496,334,96,46,314,144,158,64,64,0,24,18,36,368.0
518876,2026,683,111,69,28,162,87,91,28,28,0,9,14,37,156.2
519168,2014,170,15,16,10,39,21,21,7,7,0,4,3,24,39.1
519168,2015,73,11,8,2,18,13,13,4,2,0,0,1,25,15.1
519168,2016,302,36,40,20,72,66,66,18,10,0,2,2,26,62.2
519295,2018,5,0,0,1,2,2,2,1,0,0,0,0,29,1.0
519403,2012,24,1,2,0,10,4,4,2,0,0,0,1,27,4.0
519403,2013,122,20,16,4,24,8,10,16,0,0,0,2,28,30.0
519445,2014,10,2,0,0,4,1,1,2,0,0,0,0,28,2.0
521655,2012,10,1,4,0,0,2,2,3,0,0,0,0,22,2.0
521655,2013,7,0,2,0,1,0,0,2,0,0,0,0,23,1.1
521655,2017,22,3,4,2,7,7,7,3,0,0,0,0,27,3.2
521655,2018,384,72,32,24,92,58,58,38,10,0,4,6,28,88.0
521655,2019,712,190,58,34,156,84,84,96,34,0,8,10,29,168.2
521655,2020,85,15,9,2,28,18,19,21,0,0,1,3,30,16.1
534428,2009,74,17,3,0,15,3,4,14,0,0,1,0,25,19.1
534428,2010,23,4,5,1,4,5,7,8,0,0,0,1,26,4.0
534737,2016,300,50,23,13,88,47,47,19,9,0,1,6,27,67.1
534947,2016,287,47,20,13,64,31,32,13,13,0,4,4,28,69.2
534947,2017,531,108,51,29,124,75,79,30,20,0,5,11,29,122.1
539438,2011,181,19,17,3,51,22,25,7,7,0,1,5,24,39.0
539438,2012,714,90,31,17,184,68,76,27,27,0,12,9,25,173.0
539438,2013,576,52,36,21,163,79,88,24,24,0,6,13,26,131.0
539438,2016,7,0,2,0,2,3,3,1,0,0,0,0,29,1.0
541650,2017,5,0,1,0,1,0,0,1,0,0,0,0,26,1.0
541650,2018,19,2,1,1,7,5,5,3,0,0,0,0,27,3.1
541650,2019,11,1,2,1,2,1,1,3,0,0,0,0,28,3.0
541650,2021,7,2,0,0,1,0,0,2,0,0,0,0,30,2.0
542194,2016,10,1,3,0,1,0,0,2,0,0,0,0,24,1.2
542194,2017,25,2,8,1,6,6,9,4,0,0,0,0,25,3.2
542194,2022,38,2,2,2,12,2,2,8,0,0,0,0,30,8.0
542194,2023,4,0,0,1,3,3,3,1,0,0,0,0,31,0.1
542992,2021,6,1,0,1,3,2,2,1,0,0,0,0,30,1.0
543001,2018,107,15,4,8,34,18,19,6,5,0,1,2,27,22.1
543001,2019,197,25,13,12,61,42,46,9,9,0,1,6,28,40.2
543031,2012,138,30,7,8,33,18,18,6,6,0,2,2,25,33.0
543031,2013,282,41,25,7,83,44,45,13,11,0,2,7,26,60.1
543031,2017,4,1,0,0,2,0,0,1,0,0,1,0,30,1.0
543031,2018,87,13,10,3,25,17,17,7,0,0,0,0,31,17.2
543184,2012,377,74,30,14,102,58,61,16,16,0,5,8,24,84.2
543184,2014,110,27,10,3,25,16,21,16,3,0,0,4,26,24.1
543184,2015,270,45,25,5,75,34,37,68,0,0,0,4,27,58.1
543184,2016,567,100,52,13,131,69,74,24,23,0,5,12,28,129.1
543193,2018,56,8,5,2,15,7,11,5,1,0,2,1,28,12.0
543193,2019,117,17,7,11,34,22,26,18,0,0,3,1,29,23.2
543208,2017,626,98,52,32,152,72,82,32,26,0,8,10,27,148.2
543208,2018,548,105,38,21,140,73,77,26,24,0,3,10,28,123.2
543208,2019,392,88,22,18,85,49,51,52,0,0,4,2,29,95.2
543208,2020,17,1,5,0,3,3,3,4,0,0,0,1,30,3.0
543391,2012,136,26,10,5,39,20,23,6,6,0,2,3,22,29.0
543391,2015,56,7,3,1,19,10,13,3,2,0,0,2,25,11.1
543391,2016,102,7,7,1,30,14,14,10,1,0,0,3,26,21.2
543391,2018,104,16,5,3,28,8,10,7,3,0,0,3,28,23.2
543391,2024,21,4,1,1,5,3,3,2,0,1,0,0,34,5.1
543391,2025,6,0,1,0,1,0,0,2,0,0,0,0,35,1.2
543557,2015,395,64,37,11,92,46,49,16,16,0,4,6,25,90.0
543557,2016,828,184,76,16,158,56,66,98,14,0,8,10,26,200.0
543557,2017,540,100,55,10,103,49,52,44,14,3,7,8,27,130.2
543557,2018,534,86,39,10,131,55,58,38,19,0,5,6,28,124.0
543557,2019,804,138,68,36,226,100,110,66,26,0,6,18,29,182.0
543557,2020,23,4,1,1,6,3,5,3,1,0,0,0,30,5.1
543594,2013,11,0,1,1,7,6,6,1,1,0,0,1,23,1.1
543594,2014,4,0,0,1,1,1,1,1,0,0,0,0,24,1.0
543594,2015,134,15,12,4,35,17,19,6,6,0,1,2,25,29.0
543594,2021,123,20,13,4,32,13,13,10,5,0,0,2,31,26.2
543594,2023,18,2,2,2,7,6,6,1,0,0,0,0,33,3.0
543698,2014,140,17,15,2,36,16,17,16,1,0,1,0,24,30.1
543698,2015,18,1,1,0,8,4,4,1,1,0,0,1,25,3.1
543698,2016,28,2,2,1,7,5,5,4,0,0,2,0,26,5.1
543809,2013,55,9,5,3,17,7,11,6,2,0,0,2,23,11.1
543809,2014,99,14,4,0,27,9,11,6,1,0,1,1,24,22.2
543819,2011,594,90,36,22,180,88,88,26,22,0,4,12,24,134.2
543819,2012,336,38,8,28,116,68,80,40,6,0,2,8,25,71.1
543903,2013,145,23,18,7,37,29,30,8,7,0,1,2,23,30.1
543903,2014,259,36,28,3,58,33,35,11,11,0,5,3,24,59.0
543903,2015,142,17,20,10,32,20,28,9,5,0,1,1,25,31.0
543903,2018,15,3,1,1,2,2,2,3,0,0,1,0,28,3.0
543903,2019,52,9,5,2,14,6,7,12,0,1,0,0,29,11.0
543921,2012,119,24,9,5,26,14,16,5,5,0,0,4,22,27.2
543921,2014,54,8,5,3,16,9,9,4,2,0,1,0,24,11.1
543921,2015,40,4,5,2,10,8,8,2,2,0,0,1,25,8.2
543921,2016,23,3,0,1,9,6,6,1,1,0,0,1,26,5.0
544150,2016,355,54,26,11,84,40,42,22,12,0,3,5,26,84.0
544150,2017,135,34,11,4,28,18,18,18,0,1,0,3,27,31.2
544150,2024,565,108,43,17,130,55,56,32,24,0,9,7,34,133.2
544150,2025,44,10,2,0,9,3,4,5,1,0,2,0,35,11.2
544150,2026,247,41,20,8,54,27,32,27,0,1,2,0,36,59.0
545363,2011,60,8,4,3,17,12,13,3,3,0,0,1,20,12.2
545363,2012,462,72,32,18,100,54,64,20,20,0,4,10,21,110.0
545363,2013,514,77,54,11,116,49,55,20,20,0,3,8,22,118.0
545363,2014,1002,142,66,24,296,154,162,56,36,0,12,22,23,226.0
545363,2016,122,18,16,5,33,18,27,18,2,0,1,2,25,24.2
545363,2017,170,23,15,8,43,22,23,18,2,0,2,3,26,39.0
545363,2018,92,6,12,4,38,30,34,10,2,0,0,2,27,13.1
547939,2013,27,5,7,0,6,3,3,6,0,0,0,0,37,5.0
547942,2020,154,24,12,3,28,7,9,8,7,1,3,0,31,39.0
547942,2021,452,80,39,12,98,41,46,27,21,1,7,7,32,106.2
547943,2013,783,154,49,15,182,64,67,30,30,0,14,8,26,192.0
547943,2014,631,139,29,8,152,57,60,26,26,0,14,7,27,152.0
547943,2016,24,4,2,1,8,6,6,1,1,0,0,1,29,4.2
547943,2017,541,116,45,22,128,53,58,25,24,1,5,9,30,126.2
547943,2018,324,89,15,9,68,18,23,15,15,0,7,3,31,82.1
547943,2019,723,163,24,17,160,47,53,29,29,0,14,5,32,182.2
547943,2020,275,72,17,6,60,20,22,12,12,0,5,2,33,67.0
547943,2021,701,143,37,24,170,82,85,31,31,0,14,10,34,169.0
547943,2022,113,16,4,5,32,17,17,6,6,0,2,0,35,27.0
547943,2023,224,38,14,9,53,20,25,11,11,0,3,3,36,52.0
548337,2015,380,78,30,12,68,38,40,36,8,2,2,4,25,95.1
548337,2016,406,66,43,16,100,53,55,35,12,0,3,8,26,91.2
548337,2017,47,9,3,3,11,5,6,4,0,0,2,0,27,10.2
548384,2012,116,16,11,7,33,22,23,5,5,0,1,2,24,24.1
548384,2013,61,14,8,2,11,8,9,9,0,0,0,0,25,14.0
548384,2020,168,54,12,6,26,22,24,42,0,2,0,2,32,40.0
548384,2021,205,65,16,6,43,26,30,58,0,2,2,3,33,49.0
548384,2022,219,61,15,3,37,16,19,60,0,6,1,2,34,53.2
548384,2023,236,61,25,4,44,17,19,66,0,3,1,2,35,54.2
548384,2024,25,9,3,0,2,0,0,8,0,0,1,0,36,7.0
548384,2025,99,25,6,0,14,7,7,30,0,0,3,1,37,25.2
548384,2026,432,102,36,12,86,34,40,118,0,2,10,14,38,103.1
570240,2016,35,13,3,1,5,4,4,11,0,1,0,0,26,9.0
570240,2017,155,37,18,8,35,20,21,25,0,0,1,0,27,34.1
570240,2018,389,85,28,12,87,43,45,19,17,0,3,5,28,92.2
570240,2019,407,101,34,16,80,49,56,22,7,0,8,3,29,96.1
570240,2020,115,29,8,2,27,12,12,25,0,2,3,0,30,26.2
570240,2021,16,2,4,0,7,7,7,2,0,0,0,0,31,1.2
570810,2014,83,17,12,2,13,7,8,5,3,0,3,0,24,20.2
570810,2017,172,28,22,8,42,33,33,10,4,0,1,3,27,36.2
571035,2016,24,3,6,0,5,2,2,3,0,0,0,1,25,5.0
571035,2017,5,1,0,0,3,4,4,1,0,0,0,0,26,0.1
571035,2018,84,20,11,3,20,14,14,9,1,0,0,2,27,17.0
571437,2019,5,2,0,0,2,1,1,1,0,0,0,0,28,1.0
571527,2014,503,71,32,12,120,49,55,20,20,0,6,8,25,117.2
571527,2015,351,44,29,12,109,58,60,15,15,0,2,9,26,74.2
571527,2024,14,1,2,0,2,1,1,1,0,0,0,0,35,3.1
571577,2015,69,6,2,1,24,11,11,5,3,0,1,1,27,15.1
571577,2018,5,2,0,0,1,0,0,1,0,0,0,0,30,1.1
571602,2018,11,2,1,0,1,0,0,3,0,0,0,0,27,3.0
571602,2020,15,1,2,1,4,2,2,3,0,0,0,0,29,3.1
571616,2016,16,5,0,1,6,4,4,5,0,0,0,0,25,3.0
571616,2017,95,15,5,6,23,11,13,23,0,0,2,0,26,22.1
571616,2020,3,1,0,0,0,0,0,1,0,0,0,0,29,1.0
571616,2022,7,1,2,0,2,2,2,1,0,0,0,0,31,1.0
571616,2023,17,1,1,2,4,3,3,1,1,0,0,1,32,4.0
571676,2017,9,2,0,1,4,2,2,1,0,0,0,1,28,2.0
571676,2020,16,0,2,0,6,5,5,2,0,0,0,0,31,2.2
571676,2021,74,11,9,4,20,15,15,4,3,0,0,2,32,14.2
571735,2013,46,14,1,0,11,1,1,2,2,0,1,0,25,11.0
571735,2014,383,44,39,5,89,32,38,45,6,0,4,5,26,87.1
571735,2015,346,61,20,14,95,53,56,17,12,0,5,5,27,78.1
571735,2016,12,1,2,1,4,3,3,2,0,0,0,0,28,2.0
571735,2018,124,16,10,6,32,14,14,8,0,0,0,0,30,27.1
571735,2019,157,23,7,2,39,13,13,20,0,2,3,0,31,37.2
571735,2020,150,28,8,4,46,14,14,22,4,2,0,0,32,34.0
571735,2021,116,21,9,5,30,19,20,17,1,0,0,2,33,26.2
572102,2015,251,42,26,7,67,38,43,13,12,0,2,6,24,52.1
572102,2016,188,42,27,9,40,19,24,18,2,0,0,1,25,39.1
572143,2013,167,46,21,9,39,26,26,10,7,0,1,3,23,36.1
572143,2018,358,77,40,15,90,60,60,38,6,0,1,6,28,78.0
572143,2019,212,40,28,6,52,26,28,34,0,0,0,2,29,42.2
572143,2020,44,13,1,1,7,3,3,6,0,1,2,0,30,12.0
572143,2021,188,28,11,5,49,26,27,31,0,0,1,1,31,43.1
572143,2024,482,92,24,12,128,62,68,100,0,0,8,2,34,112.2
572143,2026,73,20,7,2,18,6,8,13,1,0,0,2,36,17.0
572403,2014,20,4,3,0,5,3,3,1,1,0,0,1,23,5.0
572403,2015,106,13,14,1,18,6,6,20,0,0,2,0,24,26.1
572403,2016,90,10,7,3,28,15,15,19,0,0,1,0,25,19.0
572403,2017,145,25,9,10,42,22,22,24,2,0,0,3,26,34.1
572403,2018,233,53,19,6,46,29,29,41,1,0,3,3,27,56.1
572403,2019,258,51,23,9,70,38,40,22,4,0,4,3,28,58.0
572403,2022,106,18,14,5,27,16,18,19,0,0,3,1,31,21.2
572403,2023,268,60,26,9,52,27,30,60,0,0,5,1,32,61.0
572750,2014,76,3,7,2,23,12,12,3,3,0,1,1,23,16.0
572750,2015,370,44,42,13,102,52,57,16,16,0,3,10,24,79.1
572750,2016,293,47,21,13,87,51,57,17,9,0,2,5,25,64.0
572750,2017,237,30,28,4,50,24,24,13,11,0,4,3,26,54.2
572750,2018,456,58,38,22,118,62,68,60,0,4,4,6,27,99.1
572947,2013,23,4,4,0,6,4,5,1,1,0,0,0,26,4.2
572947,2014,20,2,2,1,6,3,3,1,1,0,0,1,27,4.0
573131,2021,6,0,0,0,3,2,2,1,0,0,0,0,34,1.0
573131,2022,7,0,0,0,1,0,0,1,0,0,0,0,35,2.0
573185,2012,172,32,16,11,36,17,19,7,7,0,2,1,23,39.1
573185,2013,640,124,57,16,132,67,74,27,27,0,10,8,24,152.1
573185,2014,462,94,48,20,106,78,82,28,16,0,2,6,25,104.0
573185,2015,76,14,8,2,16,10,11,4,3,0,0,1,26,16.2
573185,2016,792,162,73,31,154,80,80,34,31,0,14,8,27,191.1
573185,2017,769,170,60,31,176,86,90,33,33,0,10,9,28,181.2
573185,2018,518,99,52,20,107,56,62,23,23,0,5,6,29,122.1
573185,2019,236,33,22,22,73,52,53,14,8,0,2,4,30,47.2
573244,2011,57,10,3,3,14,8,10,5,0,0,0,0,23,13.1
573244,2012,55,7,3,4,21,10,11,3,3,0,0,3,24,11.0
573244,2015,10,2,1,1,2,1,1,1,0,0,0,0,27,2.0
573244,2017,148,16,18,12,48,28,30,8,4,0,0,4,29,28.0
575070,2019,20,4,1,1,4,2,2,5,0,0,0,0,26,5.1
592419,2016,4,0,0,1,1,1,1,1,0,0,0,0,27,1.0
592468,2018,342,69,26,18,79,44,50,18,15,0,5,7,26,76.0
592468,2019,518,92,50,22,156,90,90,50,8,2,8,4,27,111.1
592499,2017,52,6,4,1,19,7,8,4,1,0,0,1,25,10.1
592499,2018,170,30,14,4,48,21,24,13,3,0,0,2,26,38.2
592499,2020,18,5,1,0,7,2,2,2,0,0,0,0,28,3.1
592547,2017,56,11,2,1,10,4,6,6,2,0,1,1,28,13.2
592547,2018,354,66,52,18,76,52,56,42,8,0,0,4,29,76.0
592644,2016,18,3,2,1,5,3,3,2,0,0,0,0,24,3.2
592644,2018,326,60,23,21,78,45,45,17,12,1,4,5,26,76.2
592644,2019,462,78,26,22,115,59,61,21,20,0,7,5,27,109.1
592644,2020,116,15,7,5,30,15,15,10,4,1,2,2,28,27.2
592644,2021,255,44,27,17,65,42,43,38,1,1,1,2,29,56.1
592716,2016,21,2,1,2,8,4,4,1,1,0,0,1,24,4.2
592716,2018,96,15,4,6,24,11,13,5,4,0,0,3,26,23.0
592716,2019,563,101,36,29,156,82,86,35,15,0,6,8,27,125.1
592716,2021,145,28,8,8,30,11,15,10,5,0,1,2,29,35.1
592716,2022,428,73,27,10,101,36,40,21,19,0,4,5,30,104.1
592826,2015,231,58,21,5,50,27,28,19,7,0,1,1,23,55.2
592826,2016,551,152,45,21,129,60,64,24,24,0,8,6,24,131.0
592826,2017,315,68,34,15,74,41,44,15,15,0,2,7,25,72.0
592826,2018,630,161,59,16,138,79,83,31,30,0,9,12,26,146.2
592826,2019,516,130,43,26,120,64,69,33,23,0,7,8,27,117.1
592826,2020,154,46,17,5,36,21,21,9,7,0,1,1,28,34.0
592826,2021,834,202,98,46,182,132,136,50,42,0,6,18,29,188.2
592826,2022,319,69,25,11,68,40,42,27,9,0,3,3,30,75.1
592826,2023,162,37,14,4,35,16,16,8,8,0,4,4,31,37.1
592826,2026,11,1,0,0,1,0,0,2,0,0,0,0,34,3.1
592869,2015,149,13,11,1,39,14,14,9,5,0,2,2,25,36.0
592869,2016,414,55,24,15,110,55,57,24,13,0,4,6,26,94.0
592869,2017,70,9,4,3,22,12,14,9,1,0,2,2,27,15.1
593417,2016,103,14,4,9,31,18,18,5,5,0,1,3,23,22.1
593417,2017,108,12,12,5,22,19,21,8,4,0,1,2,24,24.0
594902,2017,372,52,24,13,90,42,45,15,15,0,4,7,25,88.2
594902,2018,290,54,30,8,82,38,38,20,10,0,0,6,26,60.2
594902,2019,6,1,0,1,3,3,3,1,0,0,0,0,27,1.0
594902,2023,383,79,25,20,96,53,53,19,12,0,4,7,31,88.2
594902,2024,632,118,49,23,139,64,67,29,29,0,13,10,32,151.0
594902,2025,178,29,15,6,38,16,16,9,9,0,2,2,33,44.2
595001,2015,161,30,21,5,42,25,27,9,7,0,0,4,27,32.2
595001,2016,260,48,26,11,57,31,32,32,2,0,3,3,28,59.2
595001,2017,151,25,15,3,35,19,20,26,0,0,2,1,29,35.0
595001,2019,139,29,8,10,36,20,22,18,2,1,0,3,31,31.0
595001,2020,121,18,11,3,33,20,21,16,1,1,1,1,32,26.1
595234,2017,81,14,6,3,22,12,12,10,0,1,0,0,26,18.0
595234,2018,35,0,3,2,10,4,4,4,0,0,0,0,27,7.2
596043,2016,332,71,33,9,83,52,54,14,14,0,2,9,23,72.0
596043,2017,169,29,9,6,36,15,16,7,7,0,3,2,24,43.0
596043,2018,476,72,26,18,103,52,58,22,17,0,7,6,25,115.2
596043,2019,260,42,27,7,59,32,32,13,9,1,5,2,26,59.2
596043,2020,58,10,7,2,14,5,5,4,1,0,0,1,27,12.1
596043,2022,32,8,1,1,10,4,5,5,1,1,0,1,29,7.0
596049,2016,27,5,5,2,9,6,6,2,0,0,0,0,23,4.2
596049,2021,54,9,5,2,18,11,11,4,0,0,0,0,28,10.1
596825,2021,8,0,0,2,5,4,4,1,0,0,0,0,28,1.0
599683,2016,49,10,3,0,17,8,8,6,0,0,1,1,26,9.2
599683,2017,280,44,31,9,64,34,36,45,0,0,3,2,27,62.2
599683,2018,158,16,13,6,41,17,17,31,0,1,4,1,28,34.1
600301,2016,2,0,0,0,1,0,0,1,0,0,0,0,26,0.1
600301,2018,6,1,1,1,1,1,1,1,0,0,0,0,28,1.0
605138,2020,98,21,7,4,24,12,12,8,1,0,2,1,26,22.1
605138,2021,112,19,17,6,29,22,23,13,2,0,0,2,27,22.2
605156,2014,24,2,3,1,12,13,13,2,1,0,0,1,24,2.2
605156,2015,500,76,28,18,146,82,82,26,18,0,6,8,25,110.2
605156,2018,10,1,2,0,1,0,0,3,0,0,0,0,28,2.2
605156,2019,964,164,68,42,236,138,144,58,36,0,12,16,29,220.0
605156,2022,43,7,2,3,11,8,8,5,0,0,0,0,32,9.1
605156,2024,119,12,8,4,33,15,19,5,4,0,0,2,34,26.2
605156,2026,4,0,2,1,1,3,4,1,0,0,0,1,36,0.1
605182,2016,233,50,29,8,50,31,31,17,10,0,3,3,25,53.0
605182,2017,502,137,60,13,92,42,46,27,21,0,12,6,26,121.2
605182,2018,810,207,67,21,164,67,71,32,32,0,13,8,27,200.0
605182,2019,499,169,37,10,96,38,38,21,21,0,13,4,28,126.0
605182,2020,324,80,28,12,68,28,28,16,16,0,6,4,29,83.1
605182,2022,485,91,35,20,102,55,56,23,22,0,7,7,31,114.1
605182,2023,549,110,40,16,121,55,56,24,24,0,9,9,32,131.1
605182,2024,78,15,9,4,22,12,13,4,4,0,0,3,33,16.0
605182,2025,31,3,8,0,5,5,5,8,0,0,0,2,34,5.2
605361,2019,5,1,2,0,0,0,0,1,0,0,0,0,29,1.0
605441,2017,73,17,9,4,15,8,8,13,0,0,1,0,24,16.1
605441,2018,165,36,15,6,43,27,28,36,0,0,3,2,25,36.0
605441,2019,130,24,16,8,32,20,26,28,0,0,2,0,26,26.0
605441,2020,17,3,2,0,3,4,4,3,0,0,0,0,27,4.0
605441,2021,228,46,32,6,36,26,26,46,0,0,6,0,28,54.2
605441,2023,14,2,6,1,3,7,7,3,0,0,0,0,30,1.2
605441,2026,5,2,0,0,0,0,0,1,0,0,0,0,33,1.2
605498,2018,665,130,45,23,163,80,85,29,29,0,7,13,25,160.1
605498,2019,148,25,14,7,39,21,23,21,2,0,0,2,26,32.2
605498,2020,42,5,6,1,9,4,4,6,0,0,0,0,27,9.2
605498,2023,130,17,15,7,33,22,27,13,0,0,0,0,30,27.2
605528,2017,18,0,4,1,6,3,5,2,0,0,0,0,26,3.0
605541,2015,204,26,18,9,52,30,30,12,9,0,3,5,25,44.2
605541,2016,328,50,26,12,81,48,53,18,12,0,3,4,26,74.2
605541,2017,109,28,7,5,26,16,16,13,0,0,0,0,27,25.0
605541,2018,388,74,36,12,101,52,55,48,2,0,4,2,28,84.1
605541,2019,294,60,24,12,88,52,60,38,0,2,0,2,29,58.2
605541,2021,81,11,11,1,17,11,12,13,0,0,0,1,31,18.0
605612,2021,11,0,3,0,0,0,0,3,0,0,0,0,27,2.2
605612,2022,18,1,1,0,6,2,2,4,0,0,0,0,28,4.0
605612,2023,11,0,1,0,4,2,2,2,0,0,0,0,29,2.0
605795,2017,54,10,1,5,16,12,12,8,0,0,1,0,27,12.1
606162,2018,294,62,36,11,64,43,44,17,12,0,1,8,24,65.1
606162,2019,238,54,32,8,60,40,48,26,2,0,0,4,25,48.2
606162,2021,6,2,1,0,0,0,0,1,0,0,0,0,27,2.0
606273,2014,693,143,64,16,151,70,77,29,29,0,10,12,25,163.2
606273,2015,490,97,44,15,106,53,57,22,20,0,5,8,26,115.1
606273,2016,41,3,5,2,15,11,11,3,1,0,0,1,27,7.2
606273,2017,2,1,1,0,0,0,0,1,0,0,0,0,28,0.1
606273,2018,210,34,16,1,46,15,17,23,4,0,3,1,29,51.0
606273,2019,432,94,36,20,92,44,64,96,0,28,8,4,30,100.0
606273,2022,33,6,3,1,7,3,3,7,0,0,0,0,33,7.2
606996,2020,67,13,10,4,24,19,21,4,3,0,0,1,27,11.0
606996,2025,179,37,13,9,38,28,28,20,6,0,3,3,32,43.0
606996,2026,259,57,22,5,50,32,34,44,4,0,1,3,33,62.2
607200,2017,76,15,8,5,25,16,16,3,3,0,0,1,24,15.1
607200,2018,217,46,22,8,55,31,31,11,11,0,2,4,25,50.1
607200,2019,334,41,33,11,81,39,39,21,12,0,4,2,26,78.0
607200,2020,222,28,22,10,47,24,25,11,8,0,2,4,27,50.1
607200,2021,590,128,48,23,144,81,90,29,27,0,7,9,28,133.1
607200,2022,573,94,58,21,149,82,84,27,27,0,6,13,29,127.0
607200,2024,1452,308,104,40,308,130,132,62,62,0,18,18,31,354.2
607200,2025,1246,166,134,38,294,172,180,64,48,0,8,26,32,282.0
607200,2026,593,97,50,23,135,60,68,32,15,0,8,9,33,138.1
607968,2014,34,8,2,0,9,4,4,3,0,0,0,0,25,7.1
607968,2015,35,4,6,1,10,6,6,4,1,0,0,2,26,7.0
607968,2017,23,5,2,2,10,5,5,2,0,0,0,0,28,4.1
607968,2018,154,27,13,2,34,17,21,32,0,0,4,2,29,35.1
607968,2023,95,6,14,5,27,18,22,4,4,0,0,4,34,18.0
608344,2019,181,31,13,7,45,27,28,16,3,1,2,1,25,41.2
608344,2020,22,4,1,1,11,7,7,3,0,0,0,1,26,3.2
608344,2021,768,125,42,23,195,84,94,32,32,0,10,15,27,178.1
608344,2022,741,128,36,25,174,80,87,30,30,0,9,13,28,181.0
608344,2023,336,68,21,11,78,38,42,24,12,0,1,4,29,77.1
608344,2024,984,156,58,36,264,126,142,58,32,2,12,12,30,222.0
608344,2026,30,5,3,1,8,6,6,1,0,0,0,1,32,6.0
608650,2017,21,2,1,2,7,3,4,2,1,0,0,0,26,4.0
608650,2021,88,25,6,1,17,7,8,9,0,2,2,0,30,22.1
608650,2025,400,98,30,12,100,42,50,48,6,4,6,6,34,92.2
608650,2026,70,13,11,0,13,7,8,13,0,0,3,0,35,16.0
608723,2018,55,11,6,3,12,9,9,4,2,0,1,1,26,12.1
608723,2019,174,44,13,5,33,16,16,9,8,0,2,1,27,43.2
608723,2020,225,44,18,14,57,35,36,11,11,0,2,5,28,49.2
608723,2021,248,59,28,10,57,34,35,49,1,0,4,1,29,57.1
608723,2022,884,180,62,28,222,98,104,82,34,0,10,8,30,203.1
608723,2023,160,34,15,6,39,20,22,25,0,0,1,2,31,34.2
608723,2024,248,61,18,9,46,25,31,68,0,0,2,5,32,61.0
608723,2026,112,6,12,6,38,22,24,6,0,0,0,2,34,20.0
620982,2017,147,25,17,7,39,26,28,25,0,0,1,2,23,29.2
620982,2019,13,0,2,1,4,4,4,2,0,0,0,0,25,2.1
620982,2024,59,8,5,2,19,13,14,6,0,1,0,0,30,10.2
621141,2018,76,12,10,4,22,16,16,4,3,0,0,3,24,15.0
621141,2019,103,16,6,6,33,21,21,9,4,0,1,1,25,22.2
621141,2020,146,22,8,4,42,18,18,14,2,0,2,0,26,32.2
621550,2024,3,0,1,0,1,0,0,1,0,0,0,0,32,0.1
622097,2016,237,32,28,10,53,34,34,10,10,0,3,6,22,53.2
622097,2017,210,35,22,9,50,20,27,11,8,0,3,2,23,46.1
622097,2018,76,14,11,1,14,9,10,9,0,2,1,0,24,16.1
622694,2018,284,45,27,11,68,38,38,32,6,0,2,7,23,65.2
622694,2019,353,85,26,20,76,46,49,21,15,0,3,5,24,82.1
622694,2020,106,34,5,5,21,9,10,6,6,0,1,0,25,25.2
622694,2021,225,53,14,13,54,24,26,11,11,0,1,3,26,51.2
622694,2022,278,60,22,19,67,44,48,20,10,0,3,6,27,62.1
622694,2024,128,16,10,10,28,22,22,18,2,0,0,2,29,31.1
622694,2026,50,11,6,3,10,3,3,4,0,1,2,0,31,11.0
623167,2017,233,36,35,11,62,42,44,14,9,0,3,6,22,48.0
623167,2018,40,3,6,2,14,9,13,4,1,0,0,2,23,6.1
623167,2019,70,10,13,1,15,10,12,9,1,0,0,3,24,13.2
623167,2021,741,125,40,19,185,72,74,31,31,0,14,6,26,179.2
623167,2022,590,95,51,17,132,57,61,33,22,2,8,9,27,137.2
623167,2023,932,148,76,50,266,156,162,58,32,0,4,16,28,204.2
623167,2024,707,123,63,24,180,88,95,33,30,0,3,15,29,160.0
623167,2025,178,22,12,7,38,15,18,21,1,1,5,1,30,43.2
623381,2018,181,29,15,7,37,20,20,12,6,0,4,1,24,43.0
623381,2019,325,69,31,13,73,50,51,37,7,0,3,6,25,73.0
623381,2023,14,4,1,0,5,2,2,1,0,0,0,0,29,2.2
623381,2026,14,2,2,1,3,2,3,1,1,0,0,1,32,3.0
623454,2017,14,2,1,0,6,6,7,2,0,0,0,0,23,2.1
623454,2018,59,11,2,0,17,7,7,5,1,0,0,1,24,12.2
623454,2019,30,6,6,1,6,5,5,2,0,0,0,0,25,6.0
623454,2020,10,2,2,2,4,6,6,1,0,0,0,1,26,1.1
623454,2021,91,9,6,1,20,8,8,9,1,0,1,1,27,22.0
623454,2026,434,109,43,14,89,41,45,48,10,2,5,6,32,102.0
623913,2014,92,13,8,6,30,21,23,14,0,0,0,0,22,17.1
623913,2017,9,2,0,1,5,2,2,8,0,0,0,0,25,1.1
623913,2019,258,36,28,8,54,26,26,50,0,0,6,0,27,62.0
628333,2014,404,65,32,6,85,36,44,16,16,0,4,7,27,96.1
628333,2015,547,69,32,17,142,81,82,34,18,0,5,9,28,125.2
628333,2016,270,34,32,6,72,40,42,38,0,0,0,4,29,60.2
628333,2017,254,31,24,3,57,26,31,18,8,1,2,3,30,58.1
628333,2018,376,70,38,8,104,58,68,38,10,0,4,6,31,78.0
628333,2019,68,7,7,3,24,14,14,3,3,0,0,2,32,13.1
630023,2018,370,75,25,7,84,35,40,18,7,0,5,5,24,89.2
630023,2019,530,114,28,23,112,57,61,26,18,0,9,5,25,133.1
630023,2020,52,10,4,2,14,3,4,3,3,0,0,0,26,11.1
630023,2022,30,6,1,0,7,0,0,2,1,0,1,0,28,7.0
630023,2023,734,106,54,30,182,102,106,40,18,0,10,10,29,170.0
630023,2024,144,25,13,7,43,21,21,6,6,0,0,2,30,30.0
640444,2020,46,8,8,5,14,11,13,3,3,0,0,2,25,8.1
640444,2021,524,111,57,25,126,71,75,26,25,0,4,8,26,116.2
640444,2022,332,68,38,8,68,37,40,60,1,4,6,10,27,76.0
640444,2023,47,9,9,1,9,5,6,5,0,1,0,1,28,9.2
641149,2018,23,3,3,1,6,4,4,1,0,0,0,1,25,5.0
641149,2019,314,52,58,12,64,42,48,64,0,0,2,4,26,69.1
641149,2023,26,3,3,2,10,9,9,1,1,0,0,1,30,4.0
641149,2024,76,14,4,4,20,12,12,8,0,0,0,0,31,18.0
641312,2019,427,70,38,13,111,58,61,28,16,2,3,5,24,96.0
641312,2020,67,18,12,3,10,6,6,18,0,0,0,0,25,15.1
641312,2021,248,38,24,8,72,44,60,32,0,0,0,0,26,46.2
641312,2022,7,0,0,0,4,2,2,1,0,0,0,0,27,1.0
641312,2024,170,20,2,6,68,30,38,12,4,0,0,4,29,32.2
641312,2025,56,11,3,6,20,13,13,7,0,0,1,0,30,11.1
641312,2026,93,17,10,4,25,17,19,12,0,0,2,0,31,20.0
641447,2020,126,12,11,3,30,10,12,7,6,0,1,2,25,29.2
641447,2021,92,13,8,3,22,11,12,5,4,0,0,2,26,20.1
641447,2022,156,20,9,5,42,16,20,10,7,0,1,3,27,35.2
641447,2023,20,4,3,2,7,7,8,2,0,0,0,0,28,3.0
641672,2020,109,23,13,2,18,8,11,17,1,0,3,1,25,26.1
641672,2021,45,8,6,2,11,7,7,3,2,0,0,1,26,9.1
641672,2022,26,4,2,3,12,10,10,1,1,0,0,1,27,4.2
641672,2023,258,52,24,4,66,26,36,36,4,0,2,2,28,57.1
641672,2025,304,44,34,14,80,44,46,24,2,0,4,2,30,68.0
641778,2018,504,100,46,15,127,54,61,23,23,0,6,7,23,112.0
641778,2019,651,138,51,20,158,74,82,30,29,0,8,10,24,149.2
641778,2020,61,12,9,2,17,16,16,4,2,0,0,2,25,11.0
641778,2021,489,117,41,16,94,42,46,24,20,0,7,5,26,118.2
641778,2022,661,157,59,27,135,65,71,29,29,0,11,7,27,158.2
641778,2023,211,43,24,16,54,34,39,10,9,0,4,6,28,46.2
641778,2025,426,102,26,15,90,37,39,28,15,0,9,2,30,104.2
641778,2026,932,144,70,52,214,126,128,44,36,0,16,14,31,216.2
641907,2020,25,5,2,0,6,1,1,4,0,0,0,0,25,6.0
641907,2021,256,58,20,6,62,32,36,50,0,0,0,6,26,56.0
641907,2022,34,4,8,0,8,4,6,6,0,0,0,0,27,5.2
642098,2017,12,1,1,0,9,7,7,2,0,0,0,0,25,1.0
642098,2018,176,27,15,3,47,19,20,15,3,0,0,3,26,38.1
642098,2019,606,81,41,30,164,91,96,31,23,0,4,11,27,136.0
642098,2020,27,2,1,0,9,3,6,4,0,0,0,0,28,5.0
642203,2020,88,22,12,5,14,10,10,12,0,0,0,1,25,20.0
642203,2021,319,73,37,14,65,34,38,23,13,0,2,1,26,70.1
642203,2022,82,14,5,2,22,7,8,14,0,0,0,1,27,17.1
642520,2024,115,22,12,4,23,14,15,18,2,0,0,2,28,26.1
642520,2025,41,8,1,1,15,8,12,3,0,0,0,0,29,8.0
642545,2018,537,98,47,17,117,49,50,26,26,0,10,9,21,129.1
642545,2019,365,75,27,24,92,59,61,19,13,0,4,10,22,82.2
642545,2020,132,27,9,3,27,13,13,7,5,0,1,0,23,32.1
642545,2021,250,35,19,8,70,29,29,13,11,0,2,4,24,56.2
642545,2022,316,54,19,11,63,23,29,35,1,0,3,3,25,79.1
642545,2023,362,62,30,20,91,52,63,34,6,0,2,6,26,82.1
642558,2018,241,22,18,7,66,36,36,12,8,0,5,5,22,54.2
642558,2019,541,81,36,21,148,79,94,32,18,0,7,11,23,122.1
642558,2020,21,2,0,1,9,5,5,1,1,0,0,0,24,4.0
643565,2021,6,0,0,0,3,1,1,1,0,0,0,0,30,1.0
643603,2016,4,0,0,1,1,1,1,1,0,0,0,0,25,1.0
643603,2017,5,0,0,1,2,2,2,1,0,0,0,0,26,1.0
643603,2019,22,2,5,4,7,8,8,4,0,0,0,0,28,3.1
645307,2020,27,4,5,1,5,4,4,3,0,0,0,0,23,5.1
646241,2023,34,5,4,0,9,8,8,2,0,0,0,0,26,6.1
646241,2026,178,39,15,3,38,18,21,30,0,1,2,0,29,42.1
656212,2021,175,20,16,4,46,25,27,9,8,0,0,3,25,38.0
656212,2026,126,12,14,6,34,20,22,10,0,0,0,2,30,26.0
656353,2020,13,2,4,1,3,2,7,1,1,0,0,1,24,1.2
656353,2021,83,18,8,3,15,8,8,4,4,0,0,0,25,20.0
656353,2022,486,66,70,14,108,78,78,24,22,0,4,14,26,104.0
656353,2023,472,92,38,12,128,68,74,76,2,4,2,4,27,102.2
656353,2024,19,1,2,0,4,0,0,1,0,0,1,0,28,4.2
656657,2022,257,42,20,13,68,43,44,14,10,0,3,8,26,57.0
656657,2023,49,10,2,3,13,9,9,3,0,0,0,0,27,11.0
656657,2024,12,4,0,1,6,4,4,2,0,0,0,0,28,2.0
657756,2021,12,0,2,1,3,2,2,1,1,0,0,0,25,3.0
657756,2022,98,19,8,5,35,23,24,5,5,0,0,4,26,18.1
657756,2023,408,67,28,19,116,73,76,27,13,0,1,7,27,87.1
657756,2025,96,20,12,2,24,10,10,14,0,0,0,0,29,20.2
657756,2026,230,40,22,4,60,28,30,42,0,0,2,0,30,48.0
657770,2018,16,2,2,2,7,6,7,3,0,0,0,0,25,2.1
657770,2022,220,50,32,4,50,28,30,40,0,2,0,0,29,44.2
658431,2020,18,4,3,0,3,2,2,1,1,0,0,1,23,4.0
658431,2021,36,6,4,0,9,3,3,4,1,0,0,0,24,7.2
658431,2022,110,17,6,2,30,16,18,14,0,1,1,0,25,23.2
658648,2019,23,5,2,0,4,1,1,1,1,0,0,0,22,5.1
658648,2021,20,5,3,1,4,1,2,1,1,0,0,1,24,4.0
658648,2022,18,5,1,1,3,2,3,2,0,0,0,0,25,4.0
658648,2023,220,54,25,3,43,18,23,14,6,0,2,2,26,50.1
658648,2024,706,164,72,16,146,70,76,108,0,2,12,2,27,165.1
658792,2017,37,7,1,1,6,4,4,3,2,0,1,0,28,10.1
658792,2018,43,10,3,4,12,10,10,3,1,0,0,1,29,9.0
658792,2019,80,11,9,4,25,13,13,8,0,0,0,0,30,16.0
660365,2021,160,25,16,9,42,22,24,12,4,0,0,3,33,35.1
660593,2022,31,3,1,0,8,2,2,3,1,0,0,0,25,7.2
660593,2023,90,17,8,3,25,17,17,9,3,0,0,2,26,19.2
660730,2022,143,25,15,12,42,35,35,7,5,0,0,4,24,29.2
660730,2023,10,5,0,0,0,0,0,1,0,0,0,0,25,3.1
660730,2025,180,36,14,18,52,40,40,14,4,0,0,4,27,39.1
663399,2020,14,2,2,0,2,1,1,2,0,0,0,0,26,3.1
663399,2021,102,14,18,4,28,14,16,18,0,0,0,2,27,18.2
663399,2025,134,22,11,4,29,12,12,11,1,0,0,0,31,31.1
663531,2019,254,34,26,8,72,38,40,18,8,0,4,6,22,55.1
663531,2020,49,7,7,1,12,4,4,3,0,0,0,0,23,10.2
663531,2021,222,37,17,12,58,35,39,14,11,0,2,7,24,50.1
663531,2022,80,14,10,0,24,10,10,14,0,0,2,0,25,15.1
663531,2024,128,21,10,3,32,17,17,12,0,1,0,1,27,28.0
663978,2019,568,153,31,23,107,52,58,26,26,0,9,7,23,140.2
663978,2020,245,58,12,14,60,31,33,12,12,0,4,5,24,59.0
663978,2021,459,99,22,15,115,61,67,23,22,0,7,7,25,108.1
663978,2022,93,20,2,0,25,10,10,5,5,0,1,2,26,22.1
663978,2023,22,8,1,1,6,3,3,2,0,0,1,0,27,5.0
663978,2024,384,79,21,14,102,49,50,17,17,0,5,3,28,88.1
663978,2025,1340,224,74,62,332,188,196,66,56,2,10,24,29,316.0
663978,2026,534,80,38,18,152,86,88,28,18,0,0,14,30,114.0
664074,2020,66,12,6,5,12,6,7,5,3,0,1,1,26,17.0
664074,2021,179,36,11,8,56,30,34,15,2,0,0,6,27,38.1
664074,2026,10,3,1,0,1,1,1,1,1,0,0,0,32,2.1
664641,2016,464,88,36,24,94,50,56,24,20,0,10,4,27,116.0
664641,2017,678,137,63,37,140,91,93,31,29,0,8,7,28,160.0
664641,2018,24,5,4,0,6,1,1,1,1,0,0,0,29,5.0
664942,2022,37,5,2,2,8,5,5,7,0,0,0,0,29,9.0
664942,2023,80,7,9,1,27,15,19,10,0,0,0,0,30,15.1
666364,2023,108,17,12,5,26,12,13,18,0,0,1,0,24,24.1
667498,2019,156,25,17,6,33,22,26,7,7,0,0,4,23,34.1
667498,2020,56,4,3,5,21,15,16,4,1,0,0,0,24,10.2
667498,2021,121,19,12,4,34,21,24,12,4,0,0,2,25,25.2
667498,2022,144,38,14,6,38,22,22,8,2,0,0,2,26,32.0
668684,2022,30,2,6,1,8,4,4,3,0,0,0,0,27,6.0
668948,2022,159,26,13,11,37,19,23,13,2,0,4,3,26,37.2
669145,2020,31,7,2,2,6,6,6,2,1,0,0,0,25,7.0
669145,2021,285,56,22,14,75,36,37,14,13,0,4,5,26,64.1
669145,2022,320,49,12,21,97,49,52,15,13,0,2,5,27,73.2
669145,2023,61,14,0,3,17,7,8,7,0,0,2,0,28,13.1
669145,2025,28,1,2,2,7,5,6,1,1,0,0,1,30,6.0
669145,2026,21,2,1,0,6,3,3,1,0,0,0,0,31,5.0
669391,2023,19,4,2,2,5,5,5,2,0,0,0,1,23,4.0
669391,2024,18,0,1,1,9,8,8,3,0,0,0,0,24,3.0
669391,2025,35,6,3,1,14,7,7,3,0,0,0,0,25,7.0
669422,2024,84,9,11,3,23,14,14,14,0,0,0,0,25,16.1
669422,2025,129,24,8,6,35,21,23,10,1,1,2,1,26,29.2
669721,2023,52,9,9,1,7,3,3,3,0,0,1,1,26,12.1
669721,2024,134,28,6,5,39,21,22,6,6,0,1,4,27,30.1
669721,2025,46,9,7,1,9,6,6,3,2,0,0,1,28,10.0
669952,2020,11,2,1,0,1,0,0,2,0,0,1,0,25,3.0
669952,2021,197,49,17,6,38,19,28,21,4,0,1,3,26,46.2
669952,2022,880,156,70,18,220,120,124,50,36,0,2,14,27,198.0
669952,2023,60,13,7,2,15,10,11,10,0,0,0,1,28,12.2
669952,2024,220,26,26,8,52,38,42,26,0,0,2,2,29,47.1
670046,2022,47,8,6,1,9,5,5,3,1,0,0,0,26,10.2
670046,2023,146,29,14,3,35,14,14,7,3,0,2,2,27,33.0
670046,2024,104,17,8,5,28,16,17,7,1,0,0,1,28,24.0
670124,2022,337,46,39,17,82,52,55,19,14,0,2,8,27,74.1
670124,2023,101,13,12,5,29,22,24,9,1,0,1,1,28,19.2
670124,2024,189,36,22,7,43,25,25,8,8,0,2,4,29,42.1
672552,2024,47,6,5,1,13,5,5,4,0,0,0,0,24,9.2
676632,2023,4,0,1,1,1,1,1,1,0,0,0,0,27,1.0
676641,2022,198,38,18,6,48,18,28,20,0,0,0,0,28,44.2
676724,2025,3,0,1,0,1,0,0,1,0,0,0,0,29,0.1
676886,2020,3,1,0,0,2,0,0,1,0,0,0,0,24,0.1
676886,2021,47,13,9,3,7,8,9,8,0,0,0,1,25,9.1
676886,2022,64,19,5,4,14,8,9,9,0,0,0,0,26,15.0
676961,2023,10,5,2,1,1,1,1,1,0,0,1,0,29,2.1
676961,2024,20,1,2,0,6,2,2,2,0,0,0,0,30,4.0
676961,2025,193,41,14,5,54,29,33,25,1,1,0,0,31,43.1
680802,2026,131,30,20,8,35,22,24,9,2,0,0,3,29,26.0
682027,2022,4,1,0,0,1,0,0,1,0,0,0,0,25,1.0
685107,2023,12,1,2,0,2,0,2,2,0,0,0,0,25,2.1
685107,2024,116,28,6,2,32,10,14,24,0,0,2,0,26,26.2
685107,2025,234,50,22,8,56,26,26,52,2,0,0,0,27,50.0
686249,2025,7,1,0,0,4,3,3,1,0,0,0,0,26,1.0
687941,2026,115,21,9,1,22,4,5,19,2,1,1,0,29,29.2
808970,2026,22,5,2,2,8,4,4,4,0,0,0,0,27,4.0
