key_mlbam,season,PA,AB,H,2B,3B,HR,SO,BB,IBB,HBP,SF,SH,TB,RBI,SB,CS,R,G,GIDP,age
110279,1998,0,0,0,0,0,0,0,0,0,0,0,0,0,0,0,0,0,5,0,25
110427,1990,338,312,81,17,2,7,57,16,2,4,5,1,123,47,0,2,46,108,4,21
110427,1991,654,593,171,28,2,11,74,48,5,6,3,4,236,69,3,2,80,158,12,22
110427,1992,716,657,205,32,1,20,76,35,10,13,9,2,299,105,10,2,92,161,15,23
110427,1993,680,624,200,28,6,21,68,34,7,6,13,3,303,114,15,4,105,154,17,24
110427,1994,469,442,139,32,2,19,45,10,1,6,8,3,232,80,8,2,81,103,10,25
110427,1995,600,557,175,28,2,15,31,35,6,3,5,0,252,90,11,2,87,135,15,26
110427,1996,1088,1014,258,56,0,24,54,42,0,18,10,4,386,132,2,2,118,252,46,27
110427,1997,498,467,131,25,1,9,54,20,1,3,5,3,185,52,2,6,53,133,13,28
110427,1998,551,511,136,27,1,7,55,24,6,6,7,3,186,53,0,1,46,147,21,29
110427,1999,304,274,66,2,0,6,48,20,2,4,2,4,86,20,4,2,20,110,10,30
110427,2002,194,182,52,11,0,2,20,7,1,2,2,1,69,19,6,0,17,73,6,33
110427,2003,231,207,71,13,0,4,20,18,1,2,3,1,96,39,1,1,31,105,6,34
110427,2004,94,85,20,2,0,2,12,6,0,3,0,0,28,11,0,0,6,79,7,35
110427,2005,174,158,40,7,0,2,17,7,0,8,0,1,53,19,0,0,18,93,4,36
110875,1997,2,1,0,0,0,0,0,1,0,0,0,0,0,0,0,0,0,16,0,25
110875,1998,8,6,0,0,0,0,1,1,0,0,0,1,0,0,0,0,0,62,0,26
110875,1999,2,2,0,0,0,0,1,0,0,0,0,0,0,0,0,0,0,5,0,27
110928,1989,143,136,36,4,0,2,32,7,1,0,0,0,46,9,0,1,7,81,2,24
110928,1990,5,4,0,0,0,0,1,1,1,0,0,0,0,0,0,0,0,7,0,25
110928,1992,18,15,4,1,0,0,1,2,0,1,0,0,5,0,0,1,2,13,1,27
110928,1993,36,34,4,1,0,0,7,2,0,0,0,0,5,0,0,0,3,14,2,28
110928,1994,391,340,104,18,2,13,62,41,0,3,7,0,165,65,7,2,55,96,5,29
110928,1995,616,546,152,22,3,22,98,63,2,1,6,0,246,88,7,4,87,141,12,30
110928,1996,643,586,170,32,1,36,122,47,0,4,6,0,312,106,0,3,101,153,16,31
110928,1997,1296,1122,318,50,0,52,240,152,8,8,14,0,524,180,8,8,176,312,36,32
110928,1998,434,382,86,14,4,2,88,48,2,4,0,0,114,26,2,2,46,144,10,33
110928,1999,73,62,12,3,0,1,15,9,0,2,0,0,18,6,0,0,11,22,5,34
110928,2000,35,31,8,0,1,0,8,4,1,0,0,0,10,5,0,0,2,24,2,35
111483,1996,95,80,19,7,0,1,18,10,0,3,0,2,29,7,1,1,10,26,0,24
111483,1997,376,344,82,10,2,4,76,20,0,4,4,4,108,28,2,0,34,132,4,25
111850,1997,2,2,0,0,0,0,0,0,0,0,0,0,0,0,0,0,0,12,0,25
111850,1998,0,0,0,0,0,0,0,0,0,0,0,0,0,0,0,0,0,3,0,26
111850,1999,0,0,0,0,0,0,0,0,0,0,0,0,0,0,0,0,0,26,0,27
111850,2000,1,1,0,0,0,0,1,0,0,0,0,0,0,0,0,0,0,52,0,28
111850,2001,1,1,0,0,0,0,1,0,0,0,0,0,0,0,0,0,0,55,0,29
111850,2002,20,19,2,0,0,0,10,0,0,0,0,1,2,0,0,0,1,50,0,30
112470,1992,5,4,0,0,0,0,0,0,0,0,0,1,0,0,0,0,0,8,0,24
112496,1997,38,37,5,0,0,0,11,1,0,0,0,0,5,3,1,0,3,18,1,23
112496,1998,379,334,82,13,6,2,70,31,6,6,5,3,113,34,2,2,30,110,8,24
112496,1999,152,135,35,9,0,2,32,14,0,0,2,1,50,21,3,2,18,74,2,25
112496,2000,39,32,7,1,0,1,4,6,0,0,1,0,11,2,0,0,9,14,1,26
112496,2001,148,127,32,8,1,2,30,17,0,1,2,1,48,14,5,1,19,50,0,27
112496,2002,14,11,1,1,0,0,3,1,1,1,0,1,2,0,0,0,3,13,0,28
112496,2003,1,1,0,0,0,0,0,0,0,0,0,0,0,0,0,1,0,4,0,29
112496,2004,42,36,10,1,0,1,10,5,0,1,0,0,14,4,1,0,7,32,2,30
112634,1995,38,35,5,1,0,0,7,2,0,0,0,1,6,5,1,0,2,22,0,25
112634,1999,5,5,1,0,0,0,1,0,0,0,0,0,1,0,0,0,0,3,0,29
112901,1996,92,77,18,3,0,3,24,12,0,2,0,1,30,10,0,1,10,33,2,23
112901,1997,29,25,4,1,0,0,4,3,0,0,1,0,5,3,0,0,3,16,3,24
112901,1998,8,8,0,0,0,0,6,0,0,0,0,0,0,0,0,0,0,8,0,25
112901,1999,96,88,29,5,1,3,13,5,0,1,1,1,45,17,0,2,14,32,4,26
112901,2000,36,29,7,3,0,0,4,5,0,1,1,0,10,5,1,0,3,11,0,27
112901,2001,332,288,62,10,0,8,100,30,0,8,4,2,96,36,0,8,38,144,8,28
112901,2002,107,88,24,3,1,2,20,13,0,3,2,1,35,6,3,1,12,35,2,29
112901,2004,167,147,33,8,0,3,43,16,2,4,0,0,50,28,0,0,22,96,5,31
112901,2005,145,127,30,10,0,4,46,16,1,1,1,0,52,18,0,0,12,110,0,32
112906,1997,0,0,0,0,0,0,0,0,0,0,0,0,0,0,0,0,0,19,0,24
112906,1999,0,0,0,0,0,0,0,0,0,0,0,0,0,0,0,0,0,29,0,26
112906,2000,1,1,0,0,0,0,0,0,0,0,0,0,0,0,0,0,0,27,0,27
112906,2001,6,6,1,0,0,0,2,0,0,0,0,0,1,0,0,0,0,66,0,28
112906,2002,16,13,0,0,0,0,8,1,0,0,0,2,0,1,0,0,0,43,0,29
112906,2003,15,13,2,1,0,0,2,0,0,0,0,2,3,1,0,0,1,20,0,30
113243,1988,26,22,2,1,1,0,4,4,0,0,0,0,5,1,0,0,1,11,3,21
113243,1989,92,87,22,3,1,0,14,5,0,0,0,0,27,6,0,0,6,28,2,22
113243,1991,32,30,5,2,0,0,4,2,0,0,0,0,7,0,0,0,1,16,2,24
113328,1997,51,50,11,2,1,0,5,1,0,0,0,0,15,7,0,0,4,16,3,25
114014,1996,10,10,4,0,0,0,0,0,0,0,0,0,4,0,0,0,1,7,0,27
114385,1997,37,34,11,0,0,2,10,3,0,0,0,0,17,2,0,0,6,17,0,25
114499,1996,0,0,0,0,0,0,0,0,0,0,0,0,0,0,0,0,0,2,0,26
114499,1999,0,0,0,0,0,0,0,0,0,0,0,0,0,0,0,0,0,16,0,29
114499,2000,0,0,0,0,0,0,0,0,0,0,0,0,0,0,0,0,0,32,0,30
114499,2001,2,2,0,0,0,0,0,0,0,0,0,0,0,0,0,0,0,15,0,31
114499,2002,0,0,0,0,0,0,0,0,0,0,0,0,0,0,0,0,0,16,0,32
114551,1986,2,2,0,0,0,0,1,0,0,0,0,0,0,0,0,0,0,10,0,22
114588,1995,20,20,4,0,0,0,4,0,0,0,0,0,4,0,0,0,1,13,0,19
114588,1996,1,1,0,0,0,0,1,0,0,0,0,0,0,0,0,0,0,1,0,20
114588,1997,46,39,5,0,0,1,14,6,1,0,1,0,8,8,0,0,5,15,0,21
114588,1998,354,333,74,10,8,9,78,18,1,0,3,0,127,43,5,4,39,113,6,22
114588,1999,310,288,69,10,3,14,67,20,1,0,1,0,127,32,2,4,38,96,2,23
114588,2000,66,66,6,0,0,0,20,0,0,0,0,0,6,0,0,0,2,32,2,24
114588,2001,50,45,14,3,0,5,13,3,0,1,1,0,32,9,0,0,8,20,1,25
114588,2002,420,404,120,16,0,32,82,12,0,0,4,0,232,104,0,6,60,106,12,26
114588,2003,524,488,128,12,0,22,104,28,4,2,6,0,206,70,0,4,50,152,16,27
114588,2004,550,516,118,14,4,20,100,28,2,0,6,0,200,66,6,0,66,170,14,28
115475,2004,4,3,0,0,0,0,3,0,0,0,0,1,0,0,0,0,0,55,0,32
115475,2005,0,0,0,0,0,0,0,0,0,0,0,0,0,0,0,0,0,8,0,33
115475,2007,1,1,1,0,0,0,0,0,0,0,0,0,1,1,0,0,0,1,0,35
115780,1997,0,0,0,0,0,0,0,0,0,0,0,0,0,0,0,0,0,4,0,23
115780,1998,1,1,0,0,0,0,0,0,0,0,0,0,0,0,0,0,0,15,0,24
115842,1995,77,70,17,1,2,0,11,6,0,0,1,0,22,2,1,3,9,33,1,22
115842,1996,346,320,86,15,1,6,59,20,1,3,0,3,121,30,8,2,44,108,5,23
116611,1997,15,13,1,0,0,0,5,0,0,0,0,2,1,1,0,0,1,11,0,21
116611,1998,3,3,1,0,0,0,1,0,0,0,0,0,1,1,0,0,0,2,0,22
116611,1999,4,4,1,0,0,0,1,0,0,0,0,0,1,0,0,0,1,3,0,23
116611,2000,26,22,4,0,0,0,8,1,0,0,0,3,4,3,0,0,1,41,1,24
116611,2001,1,1,0,0,0,0,1,0,0,0,0,0,0,0,0,0,0,10,0,25
116768,1988,6,6,2,1,0,0,1,0,0,0,0,0,3,1,1,0,2,8,0,23
116768,1989,61,57,11,2,0,0,13,4,0,0,0,0,13,5,0,1,3,20,2,24
116768,1990,916,852,226,32,2,22,162,48,0,10,2,4,328,104,24,12,108,252,18,25
116768,1991,625,568,173,40,6,8,113,50,8,2,5,0,249,77,20,12,69,154,12,26
116768,1992,551,509,150,22,3,14,100,40,8,1,1,0,220,75,28,12,62,131,9,27
116768,1993,539,499,126,24,3,6,95,36,5,1,2,1,174,43,31,13,64,149,5,28
116768,1994,403,366,111,28,1,11,75,35,6,0,2,0,174,55,10,12,56,99,9,29
116768,1995,32,30,4,1,0,0,9,2,0,0,0,0,5,1,0,0,2,9,1,30
116768,2000,32,29,7,0,0,1,9,2,0,0,1,0,10,5,0,1,4,20,1,35
116768,2002,25,19,5,0,0,2,8,4,0,0,2,0,11,4,0,0,5,13,1,37
116768,2003,24,18,6,1,0,1,3,6,1,0,0,0,10,6,0,0,1,18,1,38
117742,1993,3,2,1,0,0,0,1,0,0,0,0,1,1,1,0,0,0,57,0,27
117742,1994,6,5,0,0,0,0,1,1,0,0,0,0,0,0,0,0,1,45,0,28
117742,1995,2,1,0,0,0,0,1,1,0,0,0,0,0,0,0,0,0,21,0,29
117742,1996,1,1,0,0,0,0,0,0,0,0,0,0,0,0,0,0,0,72,0,30
117742,1997,1,1,1,0,0,0,0,0,0,0,0,0,1,0,0,0,0,4,0,31
117769,1997,5,3,0,0,0,0,3,0,0,0,0,2,0,0,0,0,0,52,0,24
117769,1998,91,79,11,2,0,0,27,2,0,0,1,9,13,4,0,0,6,33,0,25
117769,1999,91,75,6,0,0,0,24,3,0,0,0,13,6,2,0,0,4,36,3,26
117769,2000,69,60,10,2,0,0,17,1,0,0,0,8,12,2,0,0,6,33,1,27
117769,2001,36,34,0,0,0,0,12,0,0,0,0,2,0,0,0,0,0,64,0,28
117769,2003,3,2,1,0,0,0,0,0,0,0,0,1,1,0,0,0,1,14,0,30
117769,2004,57,48,9,0,0,0,19,1,0,0,0,8,9,2,0,0,1,38,2,31
117769,2005,4,3,1,0,0,0,2,0,0,0,0,1,1,0,0,0,0,32,0,32
117769,2006,6,5,0,0,0,0,3,0,0,0,0,1,0,0,0,0,0,4,0,33
117800,1994,9,7,0,0,0,0,3,0,0,0,0,2,0,0,0,0,0,32,0,29
118269,1994,3,3,2,1,0,0,0,0,0,0,0,0,3,2,0,0,0,46,0,30
118269,1995,1,1,0,0,0,0,1,0,0,0,0,0,0,0,0,0,0,5,0,31
118329,1992,13,12,2,0,1,0,5,0,0,0,1,0,4,2,0,0,1,12,0,24
118329,1993,528,480,135,26,8,18,122,42,5,1,3,2,231,64,16,9,85,143,5,25
118329,1994,313,276,79,12,4,9,56,34,3,2,1,0,126,33,15,6,48,82,3,26
118329,1995,486,439,124,25,3,13,92,44,6,2,0,1,194,41,20,11,70,124,5,27
118329,1996,694,630,189,40,1,18,116,54,2,2,7,1,285,72,38,12,101,155,9,28
118329,1997,477,423,123,24,7,13,83,45,7,3,5,1,200,59,23,7,64,113,7,29
118329,1998,479,440,105,15,2,12,91,32,2,5,2,0,160,47,20,3,57,125,13,30
118329,1999,593,541,150,36,8,24,119,49,5,1,2,0,274,63,20,3,97,143,8,31
118329,2000,1046,960,274,30,20,30,170,72,10,8,6,0,434,72,20,18,162,270,6,32
118329,2001,324,283,68,15,2,7,59,37,4,2,2,0,108,42,9,3,41,100,2,33
118329,2003,258,238,60,12,2,3,51,17,4,2,1,0,85,26,2,2,19,100,8,35
118373,1996,118,106,24,4,6,0,32,8,0,2,0,2,40,6,8,2,10,44,4,25
118373,1998,197,180,45,11,2,6,44,9,0,2,2,3,78,24,0,3,21,73,3,27
118373,1999,357,331,81,12,7,2,51,17,0,0,3,6,113,26,19,6,48,137,4,28
118925,1993,248,229,53,14,5,5,63,13,1,1,1,4,92,20,4,1,31,65,2,21
118925,1994,132,116,28,8,1,4,33,15,2,0,1,0,50,14,3,1,11,38,1,22
118925,1995,54,52,8,1,0,1,17,0,0,1,1,0,12,4,0,1,5,23,1,23
118925,1997,16,14,1,1,0,0,5,0,0,0,1,1,2,2,0,0,0,7,0,25
119004,1989,30,28,5,0,0,0,8,2,0,0,0,0,5,1,0,1,2,8,2,22
119004,1990,95,83,20,7,0,3,25,9,0,3,0,0,36,10,1,0,12,23,3,23
119004,1991,313,288,64,8,1,6,97,18,1,4,2,1,92,29,3,0,37,96,7,24
119004,1992,6,5,3,0,0,1,0,1,0,0,0,0,6,1,0,0,1,2,1,25
119004,1993,61,53,9,1,1,2,19,8,0,0,0,0,18,5,0,1,8,30,2,26
119004,1997,29,24,7,1,0,2,10,4,0,0,1,0,14,6,0,1,6,16,0,30
119004,1998,15,15,1,0,0,1,6,0,0,0,0,0,4,1,0,0,1,7,0,31
119194,1991,74,66,21,0,0,2,12,8,0,0,0,0,27,5,3,1,11,48,1,21
119194,1994,149,128,29,2,0,5,22,18,0,1,1,1,46,15,0,0,21,46,2,24
119194,1996,16,15,4,1,0,1,3,1,0,0,0,0,8,3,0,0,2,11,0,26
119194,1998,40,33,9,2,0,0,5,7,1,0,0,0,11,6,1,0,4,23,0,28
119682,1992,59,53,14,3,0,3,15,5,0,1,0,0,26,9,0,1,8,24,1,26
119682,1993,482,427,124,21,0,19,101,49,5,4,2,0,202,63,3,5,59,123,7,27
119682,1994,320,278,74,13,0,15,61,38,5,2,1,1,132,48,2,3,43,83,4,28
119752,1991,160,132,39,5,0,4,34,28,1,0,0,0,56,25,2,2,20,71,4,26
119752,1992,173,136,30,3,0,1,38,37,2,0,0,0,36,11,3,0,19,63,4,27
119752,1993,49,40,12,0,0,2,12,9,1,0,0,0,18,6,0,0,9,26,2,28
119752,1994,118,102,26,5,0,2,23,14,1,0,0,2,37,7,1,0,16,63,3,29
119752,1995,394,314,82,4,4,10,90,78,0,2,0,0,124,30,4,2,68,168,6,30
119752,1996,273,235,60,14,1,10,82,37,1,0,1,0,106,31,3,0,34,91,3,31
119752,1997,201,169,36,10,1,10,53,31,2,0,1,0,78,23,3,0,23,81,4,32
119752,1998,22,21,4,1,0,0,5,1,1,0,0,0,5,2,0,0,1,10,1,33
119809,1995,10,10,2,0,0,0,6,0,0,0,0,0,2,1,0,0,1,9,0,22
119809,1998,5,4,0,0,0,0,3,0,0,0,0,1,0,0,0,0,0,43,0,25
119809,1999,1,1,0,0,0,0,1,0,0,0,0,0,0,0,0,0,0,69,0,26
119809,2000,0,0,0,0,0,0,0,0,0,0,0,0,0,0,0,0,0,67,0,27
119809,2001,0,0,0,0,0,0,0,0,0,0,0,0,0,0,0,0,0,122,0,28
119809,2004,0,0,0,0,0,0,0,0,0,0,0,0,0,0,0,0,0,22,0,31
119809,2005,0,0,0,0,0,0,0,0,0,0,0,0,0,0,0,0,0,7,0,32
119867,1987,0,0,0,0,0,0,0,0,0,0,0,0,0,0,0,0,0,38,0,23
119867,1990,15,11,0,0,0,0,5,1,0,0,0,3,0,1,0,0,1,21,0,26
119975,1993,49,41,12,3,0,0,9,5,0,0,0,3,15,3,0,0,3,19,1,23
119975,1994,73,66,18,1,1,2,12,5,0,1,1,0,27,7,1,1,9,27,0,24
119975,1995,434,399,123,31,6,10,64,29,4,1,2,3,196,49,5,3,60,112,8,25
119975,1996,552,497,129,28,5,15,80,47,3,4,3,1,212,81,3,2,68,149,13,26
119975,1997,545,499,154,32,4,15,70,39,7,2,4,1,239,80,0,5,65,146,13,27
119975,1998,657,611,165,36,8,23,108,36,2,5,5,0,286,83,2,2,95,156,17,28
119975,1999,661,596,167,36,4,28,91,56,5,4,5,0,295,103,1,2,84,157,21,29
119975,2000,563,513,134,30,4,13,76,44,2,2,4,0,211,70,0,2,68,138,12,30
119975,2001,376,341,82,16,6,13,73,25,2,5,5,0,149,50,1,3,50,104,9,31
119975,2002,314,273,78,12,2,3,47,34,5,3,0,4,103,37,1,2,27,97,6,32
119975,2003,194,174,38,9,0,5,31,14,1,1,4,1,62,28,3,0,18,93,8,33
120221,1994,0,0,0,0,0,0,0,0,0,0,0,0,0,0,0,0,0,2,0,21
120221,1995,1,1,0,0,0,0,1,0,0,0,0,0,0,0,0,0,0,2,0,22
120221,1996,23,19,1,0,0,0,9,1,0,0,0,3,1,2,0,0,0,48,0,23
120221,1997,66,51,9,4,0,0,21,4,0,0,0,11,13,2,0,0,5,32,0,24
120221,1998,80,72,14,2,1,0,30,2,0,0,0,6,18,3,0,0,2,34,0,25
120221,1999,69,59,9,2,0,0,26,2,0,0,2,6,11,6,0,0,4,33,0,26
120221,2000,78,70,15,4,0,2,16,2,0,0,0,6,25,6,0,0,6,34,0,27
120221,2001,81,69,10,3,0,0,22,5,0,0,0,7,13,4,0,0,6,36,1,28
120221,2002,4,4,0,0,0,0,0,0,0,0,0,0,0,0,0,0,0,25,1,29
120221,2003,1,0,0,0,0,0,0,1,0,0,0,0,0,0,0,0,1,7,0,30
120221,2005,46,38,10,0,0,0,14,0,0,0,0,8,10,4,0,0,4,60,0,32
120221,2006,48,41,11,0,0,0,12,0,0,0,0,7,11,5,0,0,0,26,2,33
120221,2007,1,1,0,0,0,0,1,0,0,0,0,0,0,0,0,0,0,1,0,34
120221,2008,12,9,1,0,0,0,5,0,0,0,0,3,1,0,0,0,0,55,0,35
120221,2009,18,14,2,0,0,1,5,3,0,0,0,1,5,1,0,0,1,45,0,36
120221,2010,2,2,0,0,0,0,0,0,0,0,0,0,0,0,0,0,0,106,0,37
120244,1995,2,0,0,0,0,0,0,0,0,0,0,2,0,0,0,0,0,8,0,22
120244,1996,0,0,0,0,0,0,0,0,0,0,0,0,0,0,0,0,0,27,0,23
120244,2000,2,0,0,0,0,0,0,2,0,0,0,0,0,0,0,0,0,6,0,27
120244,2002,0,0,0,0,0,0,0,0,0,0,0,0,0,0,0,0,0,16,0,29
120244,2004,0,0,0,0,0,0,0,0,0,0,0,0,0,0,0,0,0,13,0,31
120367,1995,32,30,9,3,1,0,5,1,0,1,0,0,14,3,0,0,3,12,3,25
120367,1996,45,41,21,8,0,1,4,2,0,2,0,0,32,10,3,1,11,13,0,26
120367,1997,70,63,15,2,0,2,13,4,0,3,0,0,23,10,0,0,8,27,0,27
120415,1994,8,8,1,0,0,0,1,0,0,0,0,0,1,0,0,0,0,4,1,25
120415,1995,48,48,9,2,0,1,5,0,0,0,0,0,14,3,0,0,2,17,1,26
120415,1996,216,202,66,10,0,2,17,8,0,1,1,4,82,21,3,0,30,86,6,27
120415,1997,78,78,15,4,1,2,16,0,0,0,0,0,27,6,0,0,4,37,2,28
120415,1998,290,282,62,4,0,6,56,4,0,2,2,0,84,28,0,0,24,138,10,29
120415,2001,42,40,8,2,0,0,14,2,0,0,0,0,10,0,0,2,2,16,0,32
120451,1994,8,7,0,0,0,0,3,1,0,0,0,0,0,0,0,0,0,8,0,23
120451,1995,152,124,29,8,0,3,41,26,2,0,0,2,46,17,0,0,15,89,2,24
120451,1996,113,99,23,3,0,4,27,9,1,3,1,1,38,17,0,2,10,50,4,25
120451,1997,18,15,1,0,0,0,6,3,0,0,0,0,1,2,0,0,2,12,0,26
120451,1998,79,62,16,2,1,3,11,16,0,0,1,0,29,7,1,0,14,34,1,27
120451,2005,36,32,9,2,0,1,5,4,0,0,0,0,14,9,0,0,4,18,3,34
120451,2006,32,27,5,2,0,1,10,4,0,1,0,0,10,2,0,0,3,31,0,35
120514,1993,16,16,5,1,1,1,5,0,0,0,0,0,11,4,0,0,1,11,0,23
120514,1994,40,38,5,0,0,1,13,1,0,0,1,0,8,3,1,0,1,15,1,24
120514,1995,252,231,45,9,0,9,69,19,2,0,0,2,81,28,1,1,27,92,3,25
120514,1996,232,208,34,10,0,14,102,22,2,2,0,0,86,30,0,0,24,100,2,26
120514,1997,16,15,2,0,0,1,7,0,0,0,1,0,5,4,0,0,2,13,0,27
120514,1998,65,58,11,0,0,2,22,7,1,0,0,0,17,9,0,0,4,36,1,28
120514,1999,40,39,9,4,0,2,13,0,0,1,0,0,19,4,0,0,5,25,0,29
120739,1995,1,1,0,0,0,0,0,0,0,0,0,0,0,0,0,0,0,1,0,21
120739,1996,62,58,10,3,1,1,10,2,0,1,1,0,18,11,1,0,4,21,1,22
120739,1997,17,15,4,1,0,0,5,0,0,0,1,1,5,3,0,0,0,4,0,23
120801,1991,37,33,9,1,0,3,9,3,1,0,0,1,19,4,0,0,4,18,1,23
120801,1992,6,5,1,1,0,0,3,1,0,0,0,0,2,0,0,0,2,4,0,24
120801,1993,65,62,16,5,0,1,14,2,0,1,0,0,24,6,0,0,7,27,3,25
120801,1995,5,5,2,1,0,1,2,0,0,0,0,0,6,3,0,0,1,5,0,27
120801,1996,17,15,2,0,0,0,6,2,0,0,0,0,2,0,0,0,2,10,1,28
120801,1997,72,67,19,3,0,3,15,5,0,0,0,0,31,9,0,1,15,59,2,29
120838,1990,3,2,1,0,0,0,1,0,0,1,0,0,1,0,0,0,0,1,0,22
120838,1992,17,15,1,1,0,0,9,2,0,0,0,0,2,2,0,0,2,13,0,24
120838,1994,39,35,7,2,0,1,13,3,1,0,0,1,12,3,0,0,6,24,0,26
120838,1996,6,6,0,0,0,0,3,0,0,0,0,0,0,0,0,0,0,4,0,28
121245,1992,74,66,6,0,0,0,22,4,0,0,0,4,6,4,0,0,2,56,0,24
121245,1993,67,51,5,0,0,0,24,3,0,0,0,13,5,0,0,0,3,30,0,25
121245,1994,13,9,0,0,0,0,5,1,0,0,0,3,0,0,0,0,1,9,0,26
121353,1995,0,0,0,0,0,0,0,0,0,0,0,0,0,0,0,0,0,11,0,22
121353,1997,4,3,0,0,0,0,0,0,0,0,0,1,0,0,0,0,0,26,0,24
121353,1998,0,0,0,0,0,0,0,0,0,0,0,0,0,0,0,0,0,43,0,25
121353,1999,8,6,2,1,0,1,1,0,0,1,0,1,6,3,0,0,3,47,0,26
121353,2000,4,4,0,0,0,0,3,0,0,0,0,0,0,0,0,0,0,76,0,27
121353,2001,0,0,0,0,0,0,0,0,0,0,0,0,0,0,0,0,0,80,0,28
121353,2002,1,1,1,0,0,0,0,0,0,0,0,0,1,0,0,0,1,71,0,29
121353,2003,1,1,1,0,0,0,0,0,0,0,0,0,1,0,0,0,0,68,0,30
121353,2004,2,2,0,0,0,0,2,0,0,0,0,0,0,0,0,0,0,152,0,31
121353,2005,0,0,0,0,0,0,0,0,0,0,0,0,0,0,0,0,0,34,0,32
121353,2006,1,1,0,0,0,0,0,0,0,0,0,0,0,0,0,0,0,31,0,33
121401,1997,11,9,3,0,0,0,4,2,0,0,0,0,3,2,0,0,4,7,0,31
121546,1993,3,3,1,0,0,0,1,0,0,0,0,0,1,0,0,0,0,21,1,21
121546,1994,8,8,0,0,0,0,3,0,0,0,0,0,0,0,1,0,1,51,0,22
121546,1995,2,2,0,0,0,0,0,0,0,0,0,0,0,0,0,0,0,10,0,23
121546,1996,4,4,2,0,0,0,1,0,0,0,0,0,2,0,0,0,0,49,1,24
121546,2000,0,0,0,0,0,0,0,0,0,0,0,0,0,0,0,0,0,5,0,28
121546,2001,0,0,0,0,0,0,0,0,0,0,0,0,0,0,0,0,0,3,0,29
122432,1994,7,7,1,0,0,0,2,0,0,0,0,0,1,2,0,0,0,3,0,24
122432,1995,120,104,24,5,0,3,22,12,2,1,1,2,38,15,3,0,11,37,4,25
122432,1996,84,78,19,2,0,4,20,3,0,3,0,0,33,10,0,2,9,27,0,26
122432,1997,222,193,55,13,1,9,36,28,1,0,1,0,97,35,3,1,29,71,3,27
122432,1998,144,128,25,6,0,2,26,10,0,3,3,0,37,13,7,0,18,59,1,28
122432,2000,213,192,47,8,1,5,54,17,1,2,2,0,72,27,2,0,22,104,2,30
122432,2001,222,194,47,13,1,6,38,23,0,2,2,1,80,18,0,2,28,80,3,31
122432,2003,69,63,15,4,0,3,13,4,0,0,2,0,28,10,0,0,8,33,5,33
123009,1997,75,69,20,2,0,2,12,5,0,0,0,1,28,8,0,0,9,27,0,27
123009,1998,351,310,76,14,2,5,46,29,3,3,5,4,109,42,3,3,29,111,5,28
123009,1999,118,102,23,6,0,2,17,13,0,0,2,1,35,15,1,0,14,43,4,29
123009,2000,33,25,8,0,0,1,7,5,0,0,2,1,11,6,0,0,5,23,0,30
123009,2001,44,42,5,1,0,1,10,1,0,0,0,1,9,3,0,0,3,33,1,31
123009,2002,20,19,2,0,0,1,8,1,0,0,0,0,5,3,0,0,3,7,0,32
123009,2004,6,5,1,0,0,0,2,1,0,0,0,0,1,1,0,0,0,8,0,34
123109,1992,9,8,1,0,0,0,2,1,0,0,0,0,1,0,0,0,0,5,0,24
123109,1993,106,98,20,5,0,1,27,5,0,1,2,0,28,12,0,0,7,92,0,25
123109,1995,35,34,8,1,1,0,7,1,0,0,0,0,11,4,0,0,4,34,1,27
123109,1996,22,22,2,0,0,0,6,0,0,0,0,0,2,0,0,0,2,14,0,28
123109,1998,57,50,9,1,2,2,19,3,0,0,4,0,20,13,0,0,4,35,0,30
123117,1994,41,39,7,0,0,0,5,1,0,0,0,1,7,4,1,1,4,17,0,23
123117,1995,211,190,55,6,2,2,27,16,1,1,1,3,71,13,7,5,31,63,1,24
123117,1996,124,114,25,3,0,0,18,7,0,0,0,3,28,6,5,1,14,98,2,25
123117,1997,74,69,12,3,1,0,9,4,0,0,1,0,17,9,0,0,12,42,2,26
123117,1998,13,11,2,0,0,1,3,2,0,0,0,0,5,1,0,1,2,8,0,27
123147,1993,13,12,0,0,0,0,8,0,0,0,0,1,0,0,0,0,0,36,0,22
123147,1994,2,2,0,0,0,0,1,0,0,0,0,0,0,0,0,0,0,1,0,23
123176,1996,34,29,3,0,0,0,15,1,0,0,0,4,3,1,0,0,1,25,0,22
123176,1997,10,9,2,0,0,0,6,1,0,0,0,0,2,0,0,0,0,10,0,23
123176,1998,76,70,6,2,2,0,32,2,0,0,2,2,12,4,0,0,4,82,4,24
123176,1999,0,0,0,0,0,0,0,0,0,0,0,0,0,0,0,0,0,98,0,25
123176,2000,5,4,0,0,0,0,1,1,0,0,0,0,0,0,0,0,0,13,0,26
123176,2001,25,21,2,0,0,0,8,2,0,0,0,2,2,0,0,0,2,24,1,27
123176,2003,15,14,4,3,0,0,4,0,0,0,0,1,7,0,0,0,1,8,0,29
123176,2004,4,4,0,0,0,0,1,0,0,0,0,0,0,0,0,0,0,42,0,30
123176,2005,0,0,0,0,0,0,0,0,0,0,0,0,0,0,0,0,0,7,0,31
123415,1993,16,13,3,0,0,0,4,0,0,0,0,3,3,0,0,0,0,8,1,21
123415,1994,29,26,4,0,0,0,12,0,0,0,0,3,4,0,0,0,2,16,0,22
123415,1995,1,1,0,0,0,0,0,0,0,0,0,0,0,0,0,0,0,4,0,23
123415,1997,6,6,0,0,0,0,4,0,0,0,0,0,0,0,0,0,0,12,0,25
123415,2002,13,13,2,0,0,0,4,0,0,0,0,0,2,0,0,0,0,5,0,30
123415,2003,41,32,2,0,1,0,16,2,0,1,0,6,4,1,0,0,3,43,1,31
123415,2004,2,2,1,1,0,0,1,0,0,0,0,0,2,0,0,0,0,84,0,32
123415,2005,4,4,2,0,0,0,2,0,0,0,0,0,2,0,0,0,0,78,0,33
123415,2006,5,5,1,0,0,0,3,0,0,0,0,0,1,0,0,0,0,94,0,34
123415,2007,0,0,0,0,0,0,0,0,0,0,0,0,0,0,0,0,0,56,0,35
123415,2008,1,1,0,0,0,0,0,0,0,0,0,0,0,0,0,0,0,71,0,36
123597,1996,9,8,1,1,0,0,5,1,0,0,0,0,2,1,0,0,2,9,0,23
123597,1998,24,23,5,1,1,0,3,1,0,0,0,0,8,2,0,1,1,14,1,25
123597,2000,60,54,15,5,0,1,7,6,0,0,0,0,23,5,0,0,4,30,0,27
123601,1998,0,0,0,0,0,0,0,0,0,0,0,0,0,0,0,0,0,6,0,31
123699,1996,0,0,0,0,0,0,0,0,0,0,0,0,0,0,0,0,0,23,0,23
123699,1997,0,0,0,0,0,0,0,0,0,0,0,0,0,0,0,0,0,23,0,24
124163,1993,52,49,11,3,0,2,12,2,1,1,0,0,20,4,2,0,6,17,1,23
124163,1995,48,48,9,2,0,0,7,0,0,0,0,0,11,2,1,0,3,39,1,25
124163,1998,38,38,2,0,0,2,18,0,0,0,0,0,8,4,0,0,2,40,0,28
124305,1986,7,7,1,0,0,0,3,0,0,0,0,0,1,1,0,0,2,5,0,21
124305,1987,75,64,11,4,0,1,19,9,0,1,1,0,18,4,0,0,9,22,2,22
124305,1988,23,21,4,0,0,0,3,0,0,1,0,1,4,1,0,0,3,10,1,23
124305,1989,229,201,55,8,0,3,31,18,3,4,3,3,72,10,1,2,25,66,4,24
124305,1990,47,42,12,3,0,3,6,5,2,0,0,0,24,4,0,1,5,14,1,25
124305,1994,196,175,58,11,1,11,26,15,1,3,1,2,104,42,0,1,32,49,10,29
124305,1995,325,296,77,11,1,12,47,23,0,4,2,0,126,48,0,0,35,97,21,30
124305,1996,237,215,43,5,0,6,50,18,0,2,1,0,66,26,0,2,22,77,8,31
124305,1997,222,192,46,10,0,6,50,22,4,4,2,2,74,24,2,0,24,76,4,32
124305,1998,31,28,4,0,0,0,6,2,0,0,1,0,4,3,0,0,1,17,1,33
124461,1997,3,2,1,0,0,0,0,1,0,0,0,0,1,1,0,0,0,7,0,30
124461,1998,1,1,0,0,0,0,1,0,0,0,0,0,0,0,0,0,0,27,0,31
124529,1991,28,25,3,0,0,0,11,2,0,0,0,1,3,1,0,0,0,10,0,24
124529,1992,67,58,12,2,0,1,15,6,0,1,0,2,17,3,0,0,5,24,4,25
124529,1993,32,26,5,1,0,0,3,3,1,0,0,3,6,3,0,0,4,13,0,26
124643,1998,0,0,0,0,0,0,0,0,0,0,0,0,0,0,0,0,0,64,0,23
124643,1999,0,0,0,0,0,0,0,0,0,0,0,0,0,0,0,0,0,50,0,24
124643,2000,2,1,1,0,0,1,0,0,0,0,0,1,4,1,0,0,1,43,0,25
124643,2001,0,0,0,0,0,0,0,0,0,0,0,0,0,0,0,0,0,54,0,26
124643,2002,0,0,0,0,0,0,0,0,0,0,0,0,0,0,0,0,0,55,0,27
124643,2003,1,1,1,0,0,0,0,0,0,0,0,0,1,0,0,0,0,39,0,28
124643,2004,0,0,0,0,0,0,0,0,0,0,0,0,0,0,0,0,0,69,0,29
124643,2005,0,0,0,0,0,0,0,0,0,0,0,0,0,0,0,0,0,49,0,30
124643,2006,0,0,0,0,0,0,0,0,0,0,0,0,0,0,0,0,0,54,0,31
132241,1998,0,0,0,0,0,0,0,0,0,0,0,0,0,0,0,0,0,3,0,24
132241,2002,0,0,0,0,0,0,0,0,0,0,0,0,0,0,0,0,0,1,0,28
132241,2006,0,0,0,0,0,0,0,0,0,0,0,0,0,0,0,0,0,16,0,32
132241,2008,0,0,0,0,0,0,0,0,0,0,0,0,0,0,0,0,0,39,0,34
132940,1998,18,15,3,0,0,1,3,2,0,0,0,1,6,1,0,0,1,32,0,27
132940,1999,1,1,0,0,0,0,1,0,0,0,0,0,0,0,0,0,0,6,0,28
133224,1998,284,260,65,15,1,5,73,20,0,1,1,2,97,31,1,1,26,111,3,26
133224,1999,77,68,16,3,0,0,19,6,0,1,2,0,19,10,3,3,4,32,3,27
133224,2001,126,118,25,4,2,2,26,5,0,1,0,2,39,11,3,1,19,79,1,29
133224,2002,7,6,2,1,1,0,2,1,0,0,0,0,5,0,0,0,0,4,0,30
133320,1998,0,0,0,0,0,0,0,0,0,0,0,0,0,0,0,0,0,3,0,25
133741,1998,225,206,50,10,2,1,40,12,0,1,1,5,67,15,5,2,18,74,6,24
133741,1999,21,20,8,0,1,0,5,0,0,1,0,0,10,3,0,0,2,7,0,25
133741,2000,4,3,0,0,0,0,1,1,0,0,0,0,0,0,0,0,0,4,0,26
133741,2001,132,116,28,6,2,2,40,12,2,2,2,0,44,14,0,0,16,64,0,27
133741,2002,3,3,0,0,0,0,3,0,0,0,0,0,0,0,0,0,0,3,0,28
133741,2003,100,94,26,5,1,3,28,4,0,0,0,2,42,11,2,0,13,52,3,29
133741,2004,44,38,4,0,0,1,9,4,0,1,0,1,7,4,0,0,4,18,3,30
133960,1998,4,4,1,0,0,0,0,0,0,0,0,0,1,1,0,0,0,21,0,22
133960,2005,2,2,0,0,0,0,1,0,0,0,0,0,0,0,0,0,0,1,0,29
134000,1998,1,1,0,0,0,0,0,0,0,0,0,0,0,0,0,0,0,1,0,25
134000,2002,20,18,3,0,0,0,6,0,0,0,0,2,3,2,0,0,0,12,0,29
134000,2004,8,8,1,0,0,0,1,0,0,0,0,0,1,0,0,0,0,16,0,31
134000,2005,0,0,0,0,0,0,0,0,0,0,0,0,0,0,0,0,0,12,0,32
134000,2006,1,1,0,0,0,0,1,0,0,0,0,0,0,0,0,0,0,1,0,33
135380,1999,1,1,0,0,0,0,0,0,0,0,0,0,0,0,0,0,0,9,0,23
136721,1998,16,15,1,0,0,0,7,1,0,0,0,0,1,1,0,0,0,8,0,29
136723,1998,13,13,3,0,0,0,6,0,0,0,0,0,3,0,0,0,1,6,0,23
136723,1999,135,120,25,6,0,4,24,12,0,0,2,1,43,21,0,1,14,43,6,24
136723,2001,58,54,11,1,0,1,17,1,0,0,1,2,15,2,0,0,3,22,0,26
136730,1998,24,21,5,0,0,2,4,3,0,0,0,0,11,3,1,0,4,9,2,21
136730,1999,51,40,5,1,0,1,16,11,0,0,0,0,9,5,0,0,4,23,1,22
136730,2001,124,108,30,2,0,6,30,16,0,0,0,0,50,16,0,0,8,42,8,24
136730,2004,142,122,30,8,1,7,42,18,1,0,2,0,61,26,0,0,21,35,6,27
136730,2005,31,27,4,0,0,1,14,3,0,0,1,0,7,3,0,0,4,7,0,28
150001,2000,4,4,0,0,0,0,3,0,0,0,0,0,0,0,0,0,0,15,0,25
150001,2004,3,3,0,0,0,0,1,0,0,0,0,0,0,0,0,0,0,5,0,29
150001,2005,2,2,1,0,0,0,0,0,0,0,0,0,1,0,0,0,0,8,0,30
150003,2000,3,2,0,0,0,0,0,1,0,0,0,0,0,0,0,0,1,11,0,23
150003,2003,10,7,1,0,0,0,2,0,0,0,0,3,1,0,0,0,0,7,0,26
150084,2000,31,27,6,0,0,3,13,4,0,0,0,0,15,5,0,0,4,15,0,31
150086,2001,77,70,14,6,0,2,16,5,0,2,0,0,26,7,0,0,10,39,3,29
150086,2002,14,12,1,0,0,0,3,1,0,0,0,1,1,0,0,0,0,5,1,30
150161,2000,48,45,13,1,0,4,7,3,0,0,0,0,26,7,0,0,9,21,0,27
150161,2001,41,38,10,1,0,0,13,3,0,0,0,0,11,3,1,0,3,14,3,28
150161,2002,32,32,8,1,0,2,6,0,0,0,0,0,15,5,0,1,3,16,0,29
150208,1999,0,0,0,0,0,0,0,0,0,0,0,0,0,0,0,0,0,13,0,24
150208,2006,1,1,0,0,0,0,0,0,0,0,0,0,0,0,0,0,0,69,0,31
150242,2002,0,0,0,0,0,0,0,0,0,0,0,0,0,0,0,0,0,1,0,25
150242,2003,58,51,5,1,0,0,19,3,0,0,0,4,6,0,0,0,3,35,0,26
150242,2004,38,32,5,1,0,0,9,2,0,1,0,3,6,1,1,0,2,26,1,27
150242,2005,34,29,3,1,0,0,11,3,0,0,0,2,4,4,0,0,2,14,0,28
150242,2006,44,38,4,0,0,0,12,2,0,0,0,4,4,0,0,0,0,72,2,29
150281,1999,1,1,0,0,0,0,0,0,0,0,0,0,0,0,0,0,0,13,1,24
150281,2000,2,2,0,0,0,0,1,0,0,0,0,0,0,0,0,0,0,16,0,25
150281,2005,1,1,0,0,0,0,1,0,0,0,0,0,0,0,0,0,0,5,0,30
150284,2002,0,0,0,0,0,0,0,0,0,0,0,0,0,0,0,0,0,7,0,26
150284,2008,4,3,0,0,0,0,2,0,0,0,0,1,0,0,0,0,0,4,0,32
150288,1999,127,122,29,9,1,5,28,4,0,1,0,0,55,18,3,0,16,32,2,21
150288,2000,222,206,60,11,0,7,34,10,1,5,0,1,92,19,6,0,32,52,5,22
150288,2001,147,129,32,5,2,1,28,9,0,6,2,1,44,13,1,0,18,40,4,23
150288,2002,94,86,22,6,0,2,20,6,0,2,0,0,34,7,0,0,11,46,1,24
150288,2003,224,207,50,9,0,3,53,12,1,3,2,0,68,18,0,0,16,74,4,25
150288,2004,274,252,52,8,6,6,52,16,2,6,0,0,90,28,2,2,26,102,6,26
150295,1999,30,28,6,0,0,0,6,2,0,0,0,0,6,6,0,0,0,28,0,24
150295,2006,1,1,0,0,0,0,0,0,0,0,0,0,0,0,0,0,0,15,0,31
150295,2007,13,11,1,0,0,0,4,0,0,0,0,2,1,1,0,0,0,30,0,32
150295,2008,0,0,0,0,0,0,0,0,0,0,0,0,0,0,0,0,0,10,0,33
150362,1999,27,24,6,0,1,2,11,3,0,0,0,0,14,2,0,0,6,10,0,24
150403,1999,25,24,5,2,0,0,7,1,0,0,0,0,7,1,0,0,0,8,1,24
150403,2001,27,25,2,1,0,0,10,2,0,0,0,0,3,0,0,1,1,13,0,26
150474,2001,0,0,0,0,0,0,0,0,0,0,0,0,0,0,0,0,0,46,0,24
150474,2002,1,1,0,0,0,0,1,0,0,0,0,0,0,0,0,0,0,41,0,25
150474,2004,7,7,0,0,0,0,4,0,0,0,0,0,0,0,0,0,0,4,0,27
150474,2005,26,20,2,0,0,0,9,2,0,1,0,3,2,1,0,0,3,15,0,28
150474,2007,0,0,0,0,0,0,0,0,0,0,0,0,0,0,0,0,0,67,0,30
150474,2008,0,0,0,0,0,0,0,0,0,0,0,0,0,0,0,0,0,29,0,31
209068,1999,3,3,2,0,0,0,0,0,0,0,0,0,2,1,0,0,0,6,0,24
209068,2003,0,0,0,0,0,0,0,0,0,0,0,0,0,0,0,0,0,17,0,28
212297,1982,32,29,8,1,0,0,4,2,1,0,0,1,9,3,0,2,3,16,1,23
212297,1983,598,560,153,24,8,8,50,27,1,2,6,3,217,80,32,12,68,149,21,24
212297,1984,718,658,188,22,5,3,68,43,1,6,10,1,229,79,19,10,82,160,21,25
212297,1985,703,636,183,33,4,6,74,54,2,4,9,0,242,90,13,9,97,160,26,26
212297,1986,636,599,183,30,5,10,66,32,1,0,5,0,253,74,10,7,80,149,28,27
212297,1987,560,495,158,24,3,8,56,57,2,3,5,0,212,52,32,9,86,128,23,28
212297,1988,676,613,186,23,6,10,72,56,4,2,4,1,251,54,25,11,88,152,17,29
212297,1989,621,548,173,31,5,13,69,66,11,1,6,0,253,92,21,3,80,150,27,30
212297,1990,670,582,172,27,1,11,83,82,3,2,2,2,234,69,31,10,96,157,12,31
212297,1991,659,589,201,27,3,15,78,65,8,3,2,0,279,78,36,9,108,146,13,32
212297,1992,123,107,25,7,0,2,17,15,2,0,0,1,38,8,1,1,19,35,3,33
212297,1993,607,532,154,31,3,14,95,62,4,1,7,5,233,84,9,3,85,144,16,34
212297,1994,505,433,138,19,2,20,75,62,4,5,5,0,221,98,8,1,72,112,14,35
212297,1996,499,432,139,20,1,14,82,61,2,3,3,0,203,76,8,8,72,112,14,37
212297,1997,1010,860,232,32,2,14,232,138,8,2,8,2,310,88,30,12,136,240,34,38
212297,1999,1,1,0,0,0,0,1,0,0,0,0,0,0,0,0,0,0,1,0,40
212297,2001,101,90,27,4,0,3,20,10,1,1,0,0,40,11,0,0,13,25,3,42
212297,2002,383,338,96,13,1,6,75,39,3,1,3,2,129,30,5,1,51,125,13,43
212297,2003,223,197,58,12,2,5,43,25,5,0,1,0,89,31,0,1,28,103,8,44
212297,2004,361,320,99,18,3,6,68,36,4,1,3,1,141,57,4,2,37,125,10,45
212297,2005,265,233,64,12,1,9,57,27,1,1,3,1,105,42,4,0,30,108,10,46
212297,2006,179,165,45,10,0,2,49,13,2,1,0,0,61,26,6,1,14,95,11,47
212297,2007,212,180,40,6,0,2,46,28,2,0,4,0,52,32,4,2,16,110,4,48
216194,1999,2,2,0,0,0,0,0,0,0,0,0,0,0,0,0,0,0,4,0,24
216194,2000,8,7,1,0,0,0,2,0,0,0,0,1,1,0,0,0,1,7,0,25
216194,2001,0,0,0,0,0,0,0,0,0,0,0,0,0,0,0,0,0,4,0,26
218294,1999,1,1,0,0,0,0,0,0,0,0,0,0,0,0,0,0,0,25,0,20
218294,2000,4,3,0,0,0,0,2,1,0,0,0,0,0,0,0,0,0,61,0,21
218294,2001,6,6,1,0,0,0,2,0,0,0,0,0,1,2,0,0,0,78,0,22
218294,2002,2,2,1,0,0,0,0,0,0,0,0,0,1,0,0,0,0,72,0,23
218294,2003,44,40,8,2,0,0,4,0,0,0,0,4,10,2,0,0,0,112,0,24
218294,2005,45,38,3,0,0,0,6,2,0,0,1,4,3,2,0,0,0,40,0,26
218294,2006,57,50,8,1,0,0,15,1,0,0,0,6,9,4,0,0,4,27,2,27
218294,2007,84,66,4,2,0,0,24,4,0,0,0,14,6,2,0,0,0,56,0,28
233694,1999,0,0,0,0,0,0,0,0,0,0,0,0,0,0,0,0,0,4,0,25
233694,2005,2,2,0,0,0,0,0,0,0,0,0,0,0,0,0,0,0,50,0,31
233694,2006,0,0,0,0,0,0,0,0,0,0,0,0,0,0,0,0,0,30,0,32
234194,1999,11,9,2,0,0,0,3,2,0,0,0,0,2,1,0,0,1,7,1,21
234194,2000,0,0,0,0,0,0,0,0,0,0,0,0,0,0,0,0,0,4,0,22
234194,2005,0,0,0,0,0,0,0,0,0,0,0,0,0,0,0,0,0,10,0,27
234194,2007,43,36,5,0,0,0,12,0,0,0,0,7,5,3,0,0,4,22,1,29
234194,2008,10,9,2,0,0,0,1,1,0,0,0,0,2,0,0,0,1,45,0,30
234194,2009,2,2,0,0,0,0,1,0,0,0,0,0,0,0,0,0,0,17,0,31
234194,2014,1,1,1,0,0,0,0,0,0,0,0,0,1,0,0,0,0,27,0,36
234194,2015,0,0,0,0,0,0,0,0,0,0,0,0,0,0,0,0,0,11,0,37
235097,1999,5,5,1,0,0,0,3,0,0,0,0,0,1,0,0,0,1,5,0,24
235097,2000,0,0,0,0,0,0,0,0,0,0,0,0,0,0,0,0,0,1,0,25
235097,2001,3,1,0,0,0,0,0,0,0,0,0,2,0,0,0,0,0,35,0,26
235097,2002,17,16,1,0,0,0,6,1,0,0,0,0,1,0,0,0,0,43,0,27
235097,2003,2,2,0,0,0,0,2,0,0,0,0,0,0,0,0,0,0,65,0,28
237694,1999,0,0,0,0,0,0,0,0,0,0,0,0,0,0,0,0,0,7,0,31
237694,2000,3,3,1,0,0,0,2,0,0,0,0,0,1,0,0,0,1,13,0,32
276373,2004,0,0,0,0,0,0,0,0,0,0,0,0,0,0,0,0,0,3,0,29
276373,2006,5,5,0,0,0,0,3,0,0,0,0,0,0,0,0,0,0,5,0,31
276373,2007,2,2,0,0,0,0,0,0,0,0,0,0,0,0,0,0,0,4,0,32
276512,2001,67,62,14,1,0,0,14,5,0,0,0,0,15,3,2,1,3,20,3,25
276512,2002,9,7,0,0,0,0,3,2,0,0,0,0,0,0,0,0,0,3,0,26
276540,2000,41,40,4,0,0,0,19,0,0,0,0,1,4,2,0,0,2,21,1,30
276540,2001,29,26,5,0,0,0,8,1,0,0,0,2,5,3,0,0,1,15,0,31
276914,2008,1,0,0,0,0,0,0,1,0,0,0,0,0,0,0,0,1,5,0,30
276914,2010,0,0,0,0,0,0,0,0,0,0,0,0,0,0,0,0,0,14,0,32
279615,2001,0,0,0,0,0,0,0,0,0,0,0,0,0,0,0,0,0,20,0,23
279615,2002,8,8,2,0,0,0,2,0,0,0,0,0,2,0,0,0,2,4,1,24
279615,2003,3,3,0,0,0,0,1,0,0,0,0,0,0,0,0,0,0,4,0,25
279615,2004,32,28,6,2,0,0,9,0,0,0,0,4,8,5,1,0,1,43,0,26
279615,2005,52,38,4,0,0,0,10,0,0,0,2,12,4,6,0,0,4,48,0,27
279615,2006,4,4,2,2,0,0,0,0,0,0,0,0,4,0,0,0,0,16,0,28
282327,2000,2,2,0,0,0,0,2,0,0,0,0,0,0,0,0,0,0,16,0,25
282327,2001,5,5,0,0,0,0,5,0,0,0,0,0,0,0,0,0,0,57,0,26
282327,2002,0,0,0,0,0,0,0,0,0,0,0,0,0,0,0,0,0,16,0,27
282327,2005,0,0,0,0,0,0,0,0,0,0,0,0,0,0,0,0,0,15,0,30
282327,2007,0,0,0,0,0,0,0,0,0,0,0,0,0,0,0,0,0,11,0,32
285070,2005,6,5,0,0,0,0,2,1,0,0,0,0,0,0,0,0,2,8,0,29
285070,2006,6,6,1,0,0,0,3,0,0,0,0,0,1,0,1,0,0,6,0,30
319114,2000,1,1,0,0,0,0,0,0,0,0,0,0,0,0,0,0,0,7,0,27
319114,2001,0,0,0,0,0,0,0,0,0,0,0,0,0,0,0,0,0,29,0,28
330892,2001,3,3,1,0,0,0,1,0,0,0,0,0,1,0,0,0,1,29,0,24
346801,2001,0,0,0,0,0,0,0,0,0,0,0,0,0,0,0,0,0,5,0,23
346801,2010,0,0,0,0,0,0,0,0,0,0,0,0,0,0,0,0,0,49,0,32
346867,2001,1,1,0,0,0,0,0,0,0,0,0,0,0,0,0,0,0,1,0,26
346867,2005,114,105,23,5,0,1,23,8,0,0,1,0,31,10,0,0,11,59,1,30
400062,2001,16,14,3,0,0,0,11,0,0,0,0,2,3,1,0,0,0,13,0,23
400062,2002,21,20,2,0,0,0,12,0,0,0,0,1,2,2,0,0,0,18,0,24
400062,2003,60,50,10,3,0,0,19,2,0,0,0,8,13,2,0,0,4,33,0,25
400062,2004,30,29,4,0,0,0,13,0,0,0,0,1,4,0,0,0,1,27,0,26
400062,2005,9,8,0,0,0,0,5,0,0,0,0,1,0,0,0,0,0,9,0,27
400062,2007,29,28,2,1,0,0,11,0,0,0,0,1,3,2,0,0,1,15,1,29
400062,2008,65,47,8,1,0,0,14,5,0,0,0,13,9,3,0,0,2,35,1,30
400062,2009,32,29,2,0,0,0,9,0,0,0,0,3,2,0,0,0,0,30,0,31
400113,2003,0,0,0,0,0,0,0,0,0,0,0,0,0,0,0,0,0,7,0,26
400113,2006,3,2,0,0,0,0,1,0,0,0,0,1,0,0,0,0,0,10,0,29
400113,2008,1,1,0,0,0,0,0,0,0,0,0,0,0,0,0,0,0,6,0,31
400139,2001,5,5,0,0,0,0,4,0,0,0,0,0,0,0,0,0,1,8,0,22
400139,2010,13,13,1,0,1,0,5,0,0,0,0,0,3,1,0,0,0,5,0,31
400141,2003,67,61,6,0,1,0,12,0,0,0,0,6,8,2,0,0,3,29,1,23
400141,2004,22,21,2,0,0,0,5,0,0,0,0,1,2,1,0,0,0,11,0,24
400141,2005,77,73,16,3,0,0,17,1,0,0,0,3,19,2,0,0,4,34,2,25
400141,2006,28,24,3,0,0,0,2,1,0,0,0,3,3,0,0,0,2,14,0,26
400141,2009,0,0,0,0,0,0,0,0,0,0,0,0,0,0,0,0,0,19,0,29
400292,2002,57,50,9,1,0,2,15,7,0,0,0,0,16,4,0,0,6,24,2,23
400292,2003,245,202,44,17,0,8,71,37,1,4,0,2,85,28,1,1,31,80,2,24
400292,2004,832,686,172,42,2,30,192,126,12,8,8,4,308,92,2,0,106,252,12,25
400292,2005,368,320,81,15,2,15,80,34,1,8,4,2,145,42,1,3,40,133,10,26
406733,2001,98,92,20,4,0,2,28,6,0,0,0,0,30,8,0,2,12,42,6,27
407400,2002,0,0,0,0,0,0,0,0,0,0,0,0,0,0,0,0,0,56,0,25
407400,2003,0,0,0,0,0,0,0,0,0,0,0,0,0,0,0,0,0,35,0,26
407400,2004,0,0,0,0,0,0,0,0,0,0,0,0,0,0,0,0,0,23,0,27
407400,2006,0,0,0,0,0,0,0,0,0,0,0,0,0,0,0,0,0,58,0,29
407400,2008,0,0,0,0,0,0,0,0,0,0,0,0,0,0,0,0,0,4,0,31
407784,2002,3,3,0,0,0,0,0,0,0,0,0,0,0,0,0,0,0,4,0,25
407784,2003,0,0,0,0,0,0,0,0,0,0,0,0,0,0,0,0,0,6,0,26
407794,2002,2,2,0,0,0,0,1,0,0,0,0,0,0,0,0,0,0,2,0,21
407794,2003,7,5,0,0,0,0,2,1,0,0,0,1,0,0,0,0,0,44,0,22
407794,2004,4,4,0,0,0,0,3,0,0,0,0,0,0,0,0,0,0,3,0,23
407795,2002,1,1,0,0,0,0,0,0,0,0,0,0,0,0,0,0,0,1,0,22
407795,2007,3,3,1,0,0,0,1,0,0,0,0,0,1,0,0,0,0,3,1,27
407808,2004,1,1,0,0,0,0,0,0,0,0,0,0,0,0,0,0,0,18,0,23
407832,2004,46,43,10,1,0,1,5,2,0,0,0,1,14,4,1,2,8,19,1,26
407832,2005,296,278,56,14,2,0,52,16,0,0,0,2,74,18,4,4,18,102,4,27
407832,2007,80,74,16,2,1,0,12,4,0,1,1,0,20,7,1,0,12,41,0,29
407832,2009,95,86,22,3,2,0,10,8,0,1,0,0,29,7,0,1,11,41,6,31
407832,2010,363,333,86,16,3,4,43,21,7,2,0,7,120,35,7,0,37,111,20,32
407832,2011,300,273,68,14,4,1,41,18,3,0,2,7,93,30,3,3,39,99,13,33
407832,2012,208,194,40,4,0,0,36,8,0,0,1,5,44,15,3,1,15,77,4,34
407838,2007,13,11,0,0,0,0,4,1,0,0,0,1,0,0,0,0,0,7,1,29
408052,2007,0,0,0,0,0,0,0,0,0,0,0,0,0,0,0,0,0,51,0,28
408052,2009,2,2,0,0,0,0,2,0,0,0,0,0,0,0,0,0,0,13,0,30
408227,2002,73,63,15,1,0,1,21,9,0,1,0,0,19,5,1,1,6,29,2,28
408227,2003,21,18,8,3,1,1,4,0,0,2,1,0,16,4,0,0,6,11,0,29
408227,2004,133,121,29,5,1,2,43,8,1,4,0,0,42,10,1,0,15,59,3,30
408249,2003,1,1,0,0,0,0,1,0,0,0,0,0,0,0,0,0,0,23,0,30
408249,2006,0,0,0,0,0,0,0,0,0,0,0,0,0,0,0,0,0,22,0,33
408305,2004,185,173,52,20,1,2,44,9,0,2,1,0,80,17,0,0,25,50,5,22
408305,2005,631,598,171,40,1,28,83,19,1,6,7,0,297,117,1,0,73,150,24,23
408305,2006,448,413,103,18,2,14,91,26,2,3,6,0,167,62,1,1,40,107,16,24
408305,2007,266,230,58,18,0,2,52,24,0,6,6,0,82,26,0,0,24,104,12,25
408305,2008,685,628,174,41,0,29,111,40,6,10,7,0,302,95,6,2,92,155,15,26
408305,2009,643,585,169,42,0,16,81,47,4,6,5,0,259,100,3,1,67,149,15,27
408305,2010,1030,944,242,58,2,22,190,58,2,12,14,2,370,112,0,0,100,254,30,28
408305,2011,155,144,28,4,0,3,28,7,1,1,3,0,41,16,0,0,8,57,6,29
420673,2003,25,23,4,2,0,0,5,1,0,0,0,1,6,2,0,0,0,15,1,24
420673,2005,50,48,9,3,0,0,4,2,0,0,0,0,12,5,0,0,4,19,1,26
420673,2010,33,30,6,2,0,1,5,3,0,0,0,0,11,4,0,0,2,12,0,31
424465,2005,5,5,0,0,0,0,1,0,0,0,0,0,0,0,0,0,0,29,0,27
424465,2008,6,4,1,0,0,0,2,1,0,0,0,1,1,1,0,0,0,4,0,30
424668,2004,0,0,0,0,0,0,0,0,0,0,0,0,0,0,0,0,0,50,0,26
424668,2006,1,1,0,0,0,0,1,0,0,0,0,0,0,0,0,0,0,55,0,28
424668,2007,0,0,0,0,0,0,0,0,0,0,0,0,0,0,0,0,0,1,0,29
424668,2008,0,0,0,0,0,0,0,0,0,0,0,0,0,0,0,0,0,4,0,30
425286,2003,25,23,3,0,0,0,6,0,0,0,0,2,3,1,0,0,1,12,0,26
425286,2004,42,39,15,3,0,0,14,1,0,0,0,2,18,5,0,0,2,26,1,27
425286,2005,16,15,3,1,1,0,2,0,0,0,0,1,6,0,0,0,1,24,0,28
425286,2007,19,16,1,1,0,0,4,0,0,0,0,3,2,0,0,0,1,19,0,30
425510,2008,0,0,0,0,0,0,0,0,0,0,0,0,0,0,0,0,0,13,0,26
425658,2003,0,0,0,0,0,0,0,0,0,0,0,0,0,0,0,0,0,72,0,28
425658,2005,2,2,0,0,0,0,0,0,0,0,0,0,0,0,0,0,2,22,0,30
425658,2008,0,0,0,0,0,0,0,0,0,0,0,0,0,0,0,0,0,48,0,33
425766,2006,111,102,29,6,5,4,10,8,1,1,0,0,57,18,1,0,20,48,8,22
425766,2007,375,344,114,18,4,15,48,28,5,1,2,0,185,67,0,1,41,96,6,23
425766,2008,651,595,172,35,6,13,85,45,6,3,7,1,258,90,7,4,66,161,25,24
425766,2009,652,576,162,25,2,13,68,70,10,0,4,1,230,90,7,3,73,158,16,25
425766,2010,648,588,157,41,2,10,95,52,9,4,4,0,232,88,10,5,67,161,14,26
425766,2011,582,531,153,30,1,12,67,42,7,1,5,3,221,65,4,0,56,158,8,27
425766,2012,930,868,216,40,0,12,102,56,14,0,4,2,292,82,0,6,74,288,42,28
425766,2013,598,549,164,33,0,13,77,44,6,0,4,1,236,75,3,1,54,158,16,29
425766,2014,651,600,174,27,0,9,80,41,2,4,6,0,228,69,4,0,59,155,21,30
425766,2015,388,361,101,16,0,4,34,23,5,1,3,0,129,32,2,4,25,104,10,31
425766,2016,366,343,91,16,1,9,37,16,3,5,1,1,136,34,0,0,30,100,11,32
425783,2005,21,18,1,0,0,0,4,3,0,0,0,0,1,1,0,0,1,10,0,22
425783,2006,358,314,88,24,6,6,100,36,4,4,2,2,142,44,10,6,46,98,6,23
425783,2007,20,17,5,0,0,0,5,2,1,0,1,0,5,5,0,1,5,6,0,24
425783,2008,370,317,98,28,3,14,78,44,4,5,4,0,174,66,4,3,68,94,5,25
425783,2009,685,583,175,38,6,20,151,78,5,17,7,0,285,86,21,2,87,156,9,26
425783,2010,646,550,165,31,2,22,118,83,11,11,2,0,266,90,22,7,81,144,11,27
425783,2011,358,313,81,11,3,8,78,36,3,6,3,0,122,36,12,5,37,85,7,28
425783,2012,686,598,169,43,2,16,150,73,0,14,1,0,264,67,21,7,88,155,10,29
425783,2013,712,569,162,34,2,21,133,112,5,26,2,3,263,54,20,11,107,154,3,30
425783,2014,529,455,110,19,1,13,131,58,3,12,4,0,170,40,3,4,58,123,9,31
425783,2015,653,555,153,32,3,22,147,76,1,15,5,2,257,82,4,2,94,149,7,32
425783,2016,210,178,43,7,0,7,46,25,1,7,0,0,71,17,6,3,27,48,1,33
425783,2017,636,544,142,20,1,22,134,77,1,7,5,3,230,78,12,3,96,149,18,34
425783,2018,665,560,148,30,1,21,156,92,2,10,2,1,243,62,6,1,83,146,11,35
425783,2019,660,563,149,31,2,24,165,78,3,18,1,0,256,61,15,1,93,151,6,36
425783,2020,127,110,26,3,0,5,33,13,1,2,2,0,44,15,6,2,13,33,1,37
429440,2003,5,4,1,0,0,0,0,0,0,0,0,1,1,0,0,0,1,9,0,20
429440,2004,15,13,2,0,0,0,2,0,0,1,0,1,2,0,0,0,0,10,0,21
429440,2005,0,0,0,0,0,0,0,0,0,0,0,0,0,0,0,0,0,1,0,22
429440,2006,13,13,1,0,0,0,4,0,0,0,0,0,1,0,0,0,0,11,0,23
429440,2007,24,21,4,0,0,0,4,0,0,0,0,3,4,0,0,0,0,32,0,24
429440,2008,12,10,1,1,0,0,3,0,0,0,0,2,2,2,0,0,0,17,0,25
429440,2009,2,2,2,0,0,0,0,0,0,0,0,0,2,0,0,0,0,26,0,26
429440,2011,0,0,0,0,0,0,0,0,0,0,0,0,0,0,0,0,0,1,0,28
429440,2012,12,9,1,0,0,0,5,2,0,0,0,1,1,1,0,0,0,6,0,29
429440,2013,0,0,0,0,0,0,0,0,0,0,0,0,0,0,0,0,0,5,0,30
429708,2005,66,57,8,2,1,0,13,7,0,0,2,0,12,4,0,1,3,24,2,21
429708,2006,178,164,37,15,1,5,38,13,0,1,0,0,69,23,0,0,20,50,3,22
429708,2007,60,57,11,4,0,1,9,2,0,1,0,0,18,8,0,0,3,20,0,23
429708,2008,257,235,52,11,1,3,52,14,0,1,0,7,74,17,1,2,21,80,5,24
429708,2009,175,155,36,6,1,6,30,14,1,1,4,1,62,25,0,0,20,47,5,25
429708,2010,188,170,39,7,2,5,35,17,0,0,1,0,65,19,0,3,18,81,2,26
429708,2014,16,16,3,0,0,1,3,0,0,0,0,0,6,3,0,0,1,6,0,30
429712,2007,194,177,38,9,3,2,43,14,0,0,1,2,59,20,8,1,26,87,0,22
429712,2008,93,83,20,2,1,1,29,7,0,2,1,0,27,10,3,0,9,43,3,23
429712,2009,281,252,67,10,3,9,58,24,1,0,3,2,110,29,1,3,38,101,6,24
429712,2010,308,288,79,15,5,5,52,13,0,1,3,3,119,31,5,2,39,82,10,25
429712,2011,175,164,36,8,1,0,32,10,0,0,0,1,46,7,3,2,15,85,0,26
429712,2013,31,29,4,1,0,0,13,2,0,0,0,0,5,2,1,2,5,27,0,28
429714,2006,1,1,0,0,0,0,0,0,0,0,0,0,0,0,0,0,0,4,0,25
429714,2007,1,1,0,0,0,0,1,0,0,0,0,0,0,0,0,0,0,9,0,26
429714,2008,5,5,1,0,0,0,3,0,0,0,0,0,1,1,0,0,0,35,0,27
429714,2009,0,0,0,0,0,0,0,0,0,0,0,0,0,0,0,0,0,14,0,28
429714,2010,1,1,1,0,0,0,0,0,0,0,0,0,1,1,0,0,0,31,0,29
429715,2007,3,3,1,0,0,0,1,0,0,0,0,0,1,0,0,0,0,2,0,24
429715,2012,4,4,0,0,0,0,4,0,0,0,0,0,0,0,0,0,0,56,0,29
429715,2013,0,0,0,0,0,0,0,0,0,0,0,0,0,0,0,0,0,42,0,30
429806,2004,53,51,15,3,0,3,15,1,0,1,0,0,27,8,0,0,8,15,3,22
429806,2005,313,280,72,17,3,12,82,30,7,1,2,0,131,38,6,2,41,89,13,23
429806,2006,11,11,2,1,0,0,5,0,0,0,0,0,3,2,0,0,0,6,0,24
429806,2007,108,104,25,4,0,9,33,1,0,2,1,0,56,25,0,0,13,37,4,25
429984,2006,0,0,0,0,0,0,0,0,0,0,0,0,0,0,0,0,0,83,0,29
429984,2007,6,6,0,0,0,0,6,0,0,0,0,0,0,0,0,0,0,166,0,30
429984,2008,0,0,0,0,0,0,0,0,0,0,0,0,0,0,0,0,0,41,0,31
429984,2010,0,0,0,0,0,0,0,0,0,0,0,0,0,0,0,0,0,6,0,33
429984,2011,2,2,0,0,0,0,0,0,0,0,0,0,0,1,0,0,0,31,0,34
430571,2005,39,37,10,3,0,2,8,1,0,0,1,0,19,10,0,0,5,22,0,27
430571,2006,12,12,3,0,0,0,5,0,0,0,0,0,3,1,0,0,1,8,0,28
430571,2007,5,4,0,0,0,0,1,0,0,1,0,0,0,0,0,0,0,3,1,29
430588,2006,23,16,2,0,0,0,8,2,0,0,0,5,2,1,0,0,0,40,0,23
430588,2008,1,1,0,0,0,0,0,0,0,0,0,0,0,0,0,0,0,11,0,25
430588,2009,9,9,3,0,0,0,3,0,0,0,0,0,3,1,0,0,0,8,0,26
430588,2010,2,2,0,0,0,0,0,0,0,0,0,0,0,0,0,0,0,40,0,27
430597,2007,6,6,0,0,0,0,4,0,0,0,0,0,0,0,0,0,0,6,0,25
430597,2008,26,21,1,0,0,0,7,0,0,0,0,5,1,1,0,0,0,21,0,26
430597,2009,0,0,0,0,0,0,0,0,0,0,0,0,0,0,0,0,0,15,0,27
430597,2011,0,0,0,0,0,0,0,0,0,0,0,0,0,0,0,0,0,45,0,29
430638,2004,0,0,0,0,0,0,0,0,0,0,0,0,0,0,0,0,0,18,0,24
430638,2005,8,7,0,0,0,0,5,0,0,0,0,1,0,0,0,0,0,23,0,25
430638,2006,0,0,0,0,0,0,0,0,0,0,0,0,0,0,0,0,0,20,0,26
430638,2009,0,0,0,0,0,0,0,0,0,0,0,0,0,0,0,0,0,43,0,29
430638,2012,1,1,0,0,0,0,0,0,0,0,0,0,0,0,0,0,0,3,0,32
430642,2004,2,2,0,0,0,0,1,0,0,0,0,0,0,0,0,0,0,3,0,23
430642,2005,0,0,0,0,0,0,0,0,0,0,0,0,0,0,0,0,0,17,0,24
430642,2006,2,2,0,0,0,0,2,0,0,0,0,0,0,0,0,0,0,61,0,25
430642,2007,0,0,0,0,0,0,0,0,0,0,0,0,0,0,0,0,0,7,0,26
430642,2008,1,1,0,0,0,0,1,0,0,0,0,0,0,0,0,0,0,1,0,27
430654,2008,0,0,0,0,0,0,0,0,0,0,0,0,0,0,0,0,0,44,0,26
430654,2009,1,1,0,0,0,0,1,0,0,0,0,0,0,0,0,0,0,48,0,27
430654,2010,1,1,0,0,0,0,0,0,0,0,0,0,0,0,0,0,0,4,0,28
430675,2007,1,1,0,0,0,0,1,0,0,0,0,0,0,0,0,0,0,29,0,26
430675,2008,0,0,0,0,0,0,0,0,0,0,0,0,0,0,0,0,0,4,0,27
430675,2009,0,0,0,0,0,0,0,0,0,0,0,0,0,0,0,0,0,14,0,28
430675,2013,0,0,0,0,0,0,0,0,0,0,0,0,0,0,0,0,0,4,0,32
430680,2004,0,0,0,0,0,0,0,0,0,0,0,0,0,0,0,0,0,27,0,26
430680,2005,3,3,0,0,0,0,2,0,0,0,0,0,0,0,0,0,0,23,1,27
430680,2006,0,0,0,0,0,0,0,0,0,0,0,0,0,0,0,0,0,16,0,28
430680,2009,28,22,2,1,0,0,8,1,0,0,0,5,3,1,0,0,1,11,0,31
430683,2004,8,7,0,0,0,0,3,0,0,0,0,1,0,0,0,0,0,7,0,21
430683,2006,3,2,0,0,0,0,2,0,0,0,0,1,0,0,0,0,0,2,0,23
430683,2007,41,32,5,1,0,0,13,3,0,0,0,6,6,2,0,0,2,26,0,24
430683,2008,12,9,4,1,0,0,3,0,0,0,0,3,5,1,0,0,1,12,0,25
430683,2012,24,17,1,0,0,0,10,1,0,0,0,6,1,0,0,0,1,13,0,29
430684,2005,2,2,0,0,0,0,0,0,0,0,0,0,0,0,0,0,0,5,0,28
430950,2011,2,1,0,0,0,0,1,1,0,0,0,0,0,0,0,0,0,2,0,32
430957,2010,28,27,5,1,0,0,12,1,0,0,0,0,6,5,0,0,1,12,0,28
430957,2011,9,9,1,0,0,0,6,0,0,0,0,0,1,0,0,0,1,8,0,29
430957,2014,34,30,5,1,0,2,10,4,0,0,0,0,12,3,0,0,3,10,1,32
430962,2005,5,4,1,0,0,0,3,1,0,0,0,0,1,0,0,0,0,3,0,24
430962,2006,2,2,0,0,0,0,2,0,0,0,0,0,0,0,0,0,0,2,0,25
430962,2007,2,2,0,0,0,0,1,0,0,0,0,0,0,0,0,0,0,36,0,26
430962,2010,1,1,0,0,0,0,0,0,0,0,0,0,0,0,0,0,0,38,0,29
430968,2004,0,0,0,0,0,0,0,0,0,0,0,0,0,0,0,0,0,59,0,35
430968,2005,0,0,0,0,0,0,0,0,0,0,0,0,0,0,0,0,0,80,0,36
432928,2005,89,80,15,4,2,0,23,9,1,0,0,0,23,4,1,1,6,34,0,27
432928,2006,249,214,72,19,6,10,43,30,4,4,1,0,133,37,2,1,31,65,2,28
432928,2007,425,369,94,28,5,18,95,53,4,2,1,0,186,64,3,1,49,132,8,29
432928,2008,536,475,122,29,2,23,102,53,10,5,3,0,224,65,2,2,67,148,7,30
432928,2009,506,449,116,26,1,25,104,55,5,1,1,0,219,77,0,0,61,128,4,31
432928,2010,517,447,127,29,1,27,98,59,4,4,7,0,239,72,2,0,70,131,9,32
432928,2011,236,209,46,11,0,9,54,24,1,1,2,0,84,22,1,1,24,64,2,33
432928,2012,344,314,72,22,1,14,80,21,3,5,4,0,138,55,5,0,35,96,9,34
432928,2013,291,253,61,13,2,9,63,30,1,4,4,0,105,40,1,1,27,91,5,35
433657,2004,2,2,0,0,0,0,0,0,0,0,0,0,0,0,0,0,0,16,0,24
433657,2006,72,62,11,3,0,0,25,0,0,1,0,9,14,9,0,0,6,34,1,26
433657,2007,62,55,7,2,0,0,11,0,0,1,0,6,9,2,0,0,2,34,2,27
433657,2008,63,57,5,1,0,0,21,1,0,0,0,5,6,0,0,0,2,32,0,28
433657,2009,40,34,4,0,0,0,16,4,0,0,0,2,4,0,0,0,2,22,0,29
433657,2010,62,53,7,1,0,0,23,4,0,0,0,5,8,2,0,0,6,40,0,30
433657,2011,0,0,0,0,0,0,0,0,0,0,0,0,0,0,0,0,0,17,0,31
434629,2007,5,3,0,0,0,0,2,0,0,0,0,2,0,0,0,0,0,7,0,23
434679,2005,0,0,0,0,0,0,0,0,0,0,0,0,0,0,0,0,0,7,0,22
434679,2006,0,0,0,0,0,0,0,0,0,0,0,0,0,0,0,0,0,1,0,23
434679,2007,3,3,0,0,0,0,0,0,0,0,0,0,0,0,0,0,0,3,0,24
434679,2010,2,1,0,0,0,0,1,0,0,0,0,1,0,0,0,0,0,6,0,27
434703,2005,25,20,4,1,0,0,8,5,0,0,0,0,5,0,0,0,2,19,0,28
434703,2007,12,10,1,1,0,0,4,1,0,1,0,0,2,1,0,0,0,12,1,30
434703,2008,24,21,3,0,0,1,5,2,0,0,1,0,6,3,0,0,1,21,1,31
434878,2005,1,1,0,0,0,0,1,0,0,0,0,0,0,0,0,0,0,67,0,22
434878,2006,0,0,0,0,0,0,0,0,0,0,0,0,0,0,0,0,0,65,0,23
434878,2007,0,0,0,0,0,0,0,0,0,0,0,0,0,0,0,0,0,19,0,24
434885,2005,35,30,3,1,0,0,18,3,0,0,0,2,4,1,0,0,1,35,0,25
434885,2007,0,0,0,0,0,0,0,0,0,0,0,0,0,0,0,0,0,18,0,27
434939,2005,1,1,0,0,0,0,1,0,0,0,0,0,0,0,0,0,0,1,0,24
434939,2006,209,185,54,12,0,7,37,14,0,7,3,0,87,45,0,0,28,50,5,25
434939,2007,541,484,140,29,1,21,94,34,1,20,3,0,234,61,0,1,62,138,12,26
434939,2008,563,495,135,21,1,14,86,45,1,15,8,0,200,90,0,0,61,141,10,27
434939,2009,800,708,190,26,2,26,100,58,2,26,4,4,298,102,0,0,78,236,16,28
434939,2010,38,33,3,0,0,0,4,3,1,0,0,2,3,3,0,0,0,15,1,29
435082,2005,2,2,1,1,0,0,1,0,0,0,0,0,2,0,0,0,1,33,0,35
435219,2006,10,9,0,0,0,0,1,1,0,0,0,0,0,0,0,0,0,3,0,26
435219,2007,169,144,40,12,0,3,39,21,0,1,2,1,61,24,1,0,16,41,6,27
435219,2008,501,436,95,27,0,9,131,55,4,2,5,3,149,47,2,0,48,143,5,28
435219,2009,602,534,114,28,4,8,142,60,0,4,2,2,174,38,2,2,54,206,8,29
435219,2011,366,320,80,16,2,8,80,38,0,2,2,4,124,40,2,1,38,110,7,31
435219,2012,318,287,70,16,0,4,63,27,0,2,1,1,98,29,0,2,23,105,9,32
435219,2013,162,139,30,5,1,1,38,19,1,2,1,0,40,14,0,0,12,83,6,33
435219,2014,50,48,9,3,0,0,17,2,0,0,0,0,12,2,0,0,3,26,2,34
444446,2008,25,15,3,0,0,0,8,1,0,1,0,8,3,1,0,0,1,15,0,22
444446,2009,11,8,1,0,0,0,2,1,0,0,0,2,1,0,0,0,0,7,0,23
444446,2010,0,0,0,0,0,0,0,0,0,0,0,0,0,0,0,0,0,17,0,24
444446,2011,5,4,0,0,0,0,0,0,0,0,0,1,0,0,0,0,0,23,0,25
444446,2015,1,1,0,0,0,0,0,0,0,0,0,0,0,0,0,0,0,15,0,29
444553,2011,11,9,0,0,0,0,5,0,0,0,0,2,0,0,0,0,0,43,0,23
444553,2012,1,1,1,0,0,0,0,0,0,0,0,0,1,0,0,0,0,1,0,24
444844,2007,15,14,2,2,0,0,2,1,0,0,0,0,4,1,0,0,3,7,1,24
444844,2009,241,216,56,12,0,11,47,14,1,5,6,0,101,44,0,0,23,82,5,26
444844,2010,422,396,86,20,2,14,98,16,0,8,2,0,152,44,0,0,42,154,14,27
444844,2011,67,61,15,4,1,2,8,4,0,2,0,0,27,6,0,0,8,27,4,28
445193,2012,0,0,0,0,0,0,0,0,0,0,0,0,0,0,0,0,0,6,0,27
445193,2013,0,0,0,0,0,0,0,0,0,0,0,0,0,0,0,0,0,16,0,28
445968,2005,2,1,0,0,0,0,0,0,0,0,0,1,0,0,0,0,0,27,0,21
445968,2006,8,7,0,0,0,0,4,0,0,0,0,1,0,0,0,0,0,9,0,22
445968,2007,1,0,0,0,0,0,0,0,0,0,0,1,0,0,0,0,0,5,0,23
445968,2008,6,4,1,0,0,0,2,1,0,0,0,1,1,0,0,0,0,29,1,24
445968,2010,2,2,0,0,0,0,0,0,0,0,0,0,0,0,0,0,0,24,0,26
445968,2011,11,9,0,0,0,0,7,1,0,0,0,1,0,0,0,0,0,5,0,27
445968,2012,0,0,0,0,0,0,0,0,0,0,0,0,0,0,0,0,0,14,0,28
445968,2014,0,0,0,0,0,0,0,0,0,0,0,0,0,0,0,0,0,30,0,30
445968,2015,0,0,0,0,0,0,0,0,0,0,0,0,0,0,0,0,0,10,0,31
445968,2016,0,0,0,0,0,0,0,0,0,0,0,0,0,0,0,0,0,33,0,32
446003,2009,0,0,0,0,0,0,0,0,0,0,0,0,0,0,0,0,0,3,0,26
446003,2011,0,0,0,0,0,0,0,0,0,0,0,0,0,0,0,0,0,6,0,28
446003,2012,0,0,0,0,0,0,0,0,0,0,0,0,0,0,0,0,0,12,0,29
448693,2007,1,1,0,0,0,0,1,0,0,0,0,0,0,0,0,0,0,14,0,24
448693,2013,0,0,0,0,0,0,0,0,0,0,0,0,0,0,0,0,0,22,0,30
449173,2011,3,3,0,0,0,0,3,0,0,0,0,0,0,0,0,0,0,6,0,26
449173,2012,63,59,9,0,0,0,32,1,0,0,0,3,9,1,0,0,5,35,1,27
449173,2013,6,4,1,0,0,0,2,2,0,0,0,0,1,0,0,0,0,37,0,28
449173,2016,8,8,0,0,0,0,2,0,0,0,0,0,0,0,0,0,0,5,0,31
450545,2008,0,0,0,0,0,0,0,0,0,0,0,0,0,0,0,0,0,8,0,25
450545,2009,0,0,0,0,0,0,0,0,0,0,0,0,0,0,0,0,0,24,0,26
451192,2013,34,31,8,1,0,0,9,3,0,0,0,0,9,0,2,0,2,17,0,28
451192,2014,114,101,17,3,0,1,27,10,0,0,2,1,23,8,3,1,13,44,2,29
451192,2017,93,83,20,6,2,1,27,10,0,0,0,0,33,10,1,1,14,29,1,32
451192,2018,185,176,47,8,2,3,45,6,0,0,1,2,68,21,1,0,19,59,2,33
451192,2019,5,5,0,0,0,0,3,0,0,0,0,0,0,0,0,0,0,2,0,34
451628,2009,2,2,0,0,0,0,2,0,0,0,0,0,0,0,0,0,0,5,0,24
451628,2013,12,12,3,0,0,0,5,0,0,0,0,0,3,2,0,0,1,33,0,28
451628,2014,1,1,0,0,0,0,0,0,0,0,0,0,0,0,0,0,0,6,0,29
451713,2011,155,143,28,3,2,6,54,8,2,3,1,0,53,19,0,1,14,46,0,24
451713,2012,57,56,10,2,1,2,28,1,0,0,0,0,20,7,0,0,2,17,0,25
451713,2013,7,6,2,0,0,1,2,1,1,0,0,0,5,1,1,0,1,2,0,26
451713,2014,10,9,2,1,0,0,5,1,0,0,0,0,3,1,0,0,1,4,0,27
451713,2015,180,150,28,8,0,8,74,26,0,2,2,0,60,18,4,0,22,68,2,28
452027,2017,3,1,1,0,0,0,0,0,0,0,0,2,1,1,0,0,0,9,0,31
452239,2007,27,26,7,0,0,2,8,1,0,0,0,0,13,5,0,0,5,15,0,23
452239,2009,102,89,22,4,1,4,32,12,0,1,0,0,40,9,6,1,13,40,1,25
452239,2010,131,104,15,6,0,3,43,25,2,0,2,0,30,12,5,1,16,67,3,26
452239,2012,352,315,72,13,3,18,114,32,0,3,2,0,145,53,9,4,46,124,6,28
452239,2013,524,468,118,32,6,14,156,46,0,8,2,0,204,50,12,4,70,150,8,29
452239,2014,45,40,6,1,0,0,20,2,0,2,1,0,7,3,0,1,4,20,0,30
452239,2015,274,249,52,8,2,7,76,20,1,3,1,1,85,26,2,1,26,100,4,31
452676,2010,5,5,0,0,0,0,4,0,0,0,0,0,0,0,0,0,0,28,0,26
452676,2011,3,2,0,0,0,0,1,0,0,0,0,1,0,0,0,0,0,12,0,27
452783,2008,119,109,28,10,0,2,24,7,2,1,2,0,44,9,0,0,18,50,1,22
452783,2009,69,65,15,5,1,1,20,4,0,0,0,0,25,7,0,0,5,30,4,23
452783,2010,37,36,11,3,0,1,10,1,0,0,0,0,17,5,0,0,5,20,1,24
452783,2011,194,176,45,10,2,4,48,15,0,1,2,0,71,25,0,1,26,59,6,25
452783,2014,23,22,6,2,0,2,10,1,0,0,0,0,14,7,0,0,2,18,0,28
453249,2010,1,1,0,0,0,0,1,0,0,0,0,0,0,0,0,0,0,13,0,25
453249,2012,0,0,0,0,0,0,0,0,0,0,0,0,0,0,0,0,0,12,0,27
453249,2013,7,7,0,0,0,0,2,0,0,0,0,0,0,0,0,0,0,11,1,28
453249,2014,2,2,0,0,0,0,0,0,0,0,0,0,0,0,0,0,0,20,0,29
453249,2015,0,0,0,0,0,0,0,0,0,0,0,0,0,0,0,0,0,32,0,30
453249,2016,0,0,0,0,0,0,0,0,0,0,0,0,0,0,0,0,0,53,0,31
453307,2009,4,2,0,0,0,0,1,0,0,0,0,2,0,0,0,0,0,23,0,24
453307,2010,2,2,0,0,0,0,1,0,0,0,0,0,0,0,0,0,0,15,0,25
453307,2014,3,3,1,0,0,0,2,0,0,0,0,0,1,0,0,0,1,16,0,29
453307,2015,1,1,0,0,0,0,0,0,0,0,0,0,0,0,0,0,0,3,0,30
453646,2006,17,15,1,0,0,0,9,0,0,0,0,2,1,1,0,0,0,10,0,22
453646,2007,17,13,1,0,0,0,3,0,0,0,0,4,1,0,0,0,1,59,0,23
453646,2008,21,17,2,0,0,0,8,1,0,0,0,3,2,2,0,0,1,47,0,24
453646,2009,13,11,1,0,0,0,7,1,0,0,0,1,1,0,0,0,0,64,0,25
453646,2010,4,4,0,0,0,0,2,0,0,0,0,0,0,0,0,0,0,50,0,26
453646,2011,5,4,0,0,0,0,2,1,0,0,0,0,0,0,0,0,1,33,0,27
453646,2012,2,2,1,0,0,0,0,0,0,0,0,0,1,0,0,0,1,38,0,28
453646,2013,34,32,5,0,0,0,15,0,0,0,0,2,5,1,0,0,2,47,0,29
453646,2014,13,10,0,0,0,0,6,0,0,0,0,3,0,0,0,0,0,42,1,30
453646,2015,11,8,0,0,0,0,5,0,0,0,0,3,0,0,0,0,0,35,0,31
453646,2016,5,4,0,0,0,0,4,0,0,0,0,1,0,0,0,0,0,51,0,32
453941,2008,13,13,2,0,0,0,5,0,0,0,0,0,2,1,0,0,0,10,1,31
455605,2009,28,25,4,0,0,0,13,1,0,0,0,2,4,0,0,0,3,16,0,26
455605,2010,14,12,2,1,0,0,4,0,0,0,0,2,3,0,0,0,0,10,1,27
455921,2012,18,17,1,0,0,0,4,1,0,0,0,0,1,0,0,0,0,7,0,30
455961,2009,12,10,1,0,0,0,6,0,0,0,0,2,1,0,0,0,0,6,0,26
456051,2011,0,0,0,0,0,0,0,0,0,0,0,0,0,0,0,0,0,30,0,24
456051,2012,4,4,2,0,0,0,2,0,0,0,0,0,2,0,0,0,0,22,0,25
456051,2014,4,4,0,0,0,0,1,0,0,0,0,0,0,0,0,0,0,28,0,27
456051,2015,0,0,0,0,0,0,0,0,0,0,0,0,0,0,0,0,0,10,0,28
456051,2019,5,4,1,0,0,0,3,0,0,0,0,1,1,0,0,0,0,12,0,32
456071,2014,17,12,1,0,0,0,6,1,0,0,0,4,1,1,0,0,0,16,0,28
456071,2015,22,21,3,0,0,0,10,0,0,0,0,1,3,1,0,0,1,19,0,29
456071,2016,1,0,0,0,0,0,0,0,0,0,0,1,0,0,0,0,0,2,0,30
456387,2007,0,0,0,0,0,0,0,0,0,0,0,0,0,0,0,0,0,13,0,21
456558,2006,7,7,3,0,0,0,3,0,0,0,0,0,3,1,0,0,0,5,0,26
456558,2007,15,12,1,0,0,0,5,1,0,0,0,2,1,0,0,0,1,16,1,27
457130,2006,15,14,3,1,0,0,2,1,0,0,0,0,4,1,1,0,1,9,0,26
457130,2007,9,9,2,1,0,0,1,0,0,0,0,0,3,3,0,0,0,8,0,27
457130,2008,1,1,0,0,0,0,0,0,0,0,0,0,0,0,0,0,0,1,0,28
457130,2011,14,12,2,0,0,0,4,2,0,0,0,0,2,0,0,0,1,8,0,31
457130,2012,142,122,18,4,0,6,34,14,2,0,2,4,40,14,8,0,24,72,0,32
457425,2008,0,0,0,0,0,0,0,0,0,0,0,0,0,0,0,0,0,9,0,25
457425,2009,0,0,0,0,0,0,0,0,0,0,0,0,0,0,0,0,0,41,0,26
457425,2010,2,1,1,0,0,0,0,0,0,0,0,1,1,0,0,0,0,70,0,27
457425,2011,0,0,0,0,0,0,0,0,0,0,0,0,0,0,0,0,0,24,0,28
457425,2012,0,0,0,0,0,0,0,0,0,0,0,0,0,0,0,0,0,12,0,29
457449,2014,23,21,1,1,0,0,8,2,0,0,0,0,2,3,0,0,2,15,1,28
457449,2015,16,15,5,2,0,0,6,1,0,0,0,0,7,1,0,0,2,12,0,29
457456,2007,23,19,3,0,0,0,7,0,0,0,0,4,3,0,0,0,1,14,0,22
457456,2008,34,30,4,2,0,0,8,1,0,0,0,3,6,2,0,0,2,25,3,23
457456,2009,11,9,1,0,0,0,7,2,0,0,0,0,1,0,0,0,1,6,0,24
457456,2010,2,1,0,0,0,0,0,1,0,0,0,0,0,0,0,0,0,1,0,25
457456,2011,4,4,1,0,0,0,2,0,0,0,0,0,1,0,0,0,0,20,0,26
457711,2009,3,3,1,0,0,0,1,0,0,0,0,0,1,0,0,0,1,12,0,21
457711,2010,1,1,0,0,0,0,0,0,0,0,0,0,0,0,0,0,0,5,0,22
457711,2013,6,6,1,1,0,0,4,0,0,0,0,0,2,0,0,0,0,7,0,25
457711,2014,3,3,0,0,0,0,2,0,0,0,0,0,0,0,0,0,0,3,0,26
457711,2015,23,20,2,1,0,0,10,1,0,0,0,2,3,0,0,0,2,13,0,27
457760,2015,32,30,5,1,0,0,10,2,0,0,0,0,6,3,0,0,0,23,1,30
457796,2008,5,3,1,0,0,0,0,0,0,0,1,1,1,1,0,0,1,26,1,24
457796,2009,4,3,0,0,0,0,2,0,0,0,0,1,0,0,0,0,0,31,0,25
457796,2010,0,0,0,0,0,0,0,0,0,0,0,0,0,0,0,0,0,35,0,26
457796,2011,0,0,0,0,0,0,0,0,0,0,0,0,0,0,0,0,0,4,0,27
457796,2012,0,0,0,0,0,0,0,0,0,0,0,0,0,0,0,0,0,1,0,28
458676,2011,1,1,0,0,0,0,1,0,0,0,0,0,0,0,0,0,0,27,0,24
458676,2012,0,0,0,0,0,0,0,0,0,0,0,0,0,0,0,0,0,148,0,25
458676,2017,2,2,0,0,0,0,1,0,0,0,0,0,0,0,0,0,0,4,0,30
458676,2021,1,1,0,0,0,0,1,0,0,0,0,0,0,0,0,0,0,8,0,34
458679,2010,161,159,34,5,0,3,53,2,0,0,0,0,48,12,0,1,15,53,4,23
458679,2011,65,61,10,0,0,0,25,4,0,0,0,0,10,6,0,0,6,26,1,24
458679,2012,56,52,9,2,0,1,14,4,1,0,0,0,14,4,0,0,3,21,3,25
458690,2008,28,26,3,2,0,0,14,0,0,0,0,2,5,0,0,0,2,15,0,21
458690,2009,54,47,6,1,0,0,23,1,0,0,0,6,7,3,0,0,5,30,2,22
458690,2010,63,54,5,1,0,0,28,0,0,0,0,9,6,2,0,0,1,30,0,23
458690,2011,52,46,9,2,0,0,19,1,0,0,0,5,11,2,0,0,3,29,1,24
458690,2012,34,28,5,0,0,0,10,0,0,0,0,6,5,0,0,0,0,21,0,25
458690,2013,0,0,0,0,0,0,0,0,0,0,0,0,0,0,0,0,0,6,0,26
458690,2015,0,0,0,0,0,0,0,0,0,0,0,0,0,0,0,0,0,1,0,28
458690,2018,0,0,0,0,0,0,0,0,0,0,0,0,0,0,0,0,0,33,0,31
458950,2006,0,0,0,0,0,0,0,0,0,0,0,0,0,0,0,0,0,2,0,23
458950,2007,2,1,0,0,0,0,0,0,0,0,0,1,0,0,0,0,0,3,0,24
458950,2011,6,5,0,0,0,0,2,0,0,0,0,1,0,0,0,0,0,28,0,28
458950,2012,5,5,1,0,0,0,2,0,0,0,0,0,1,1,0,0,0,26,0,29
459345,2009,0,0,0,0,0,0,0,0,0,0,0,0,0,0,0,0,0,3,0,26
459345,2012,3,3,0,0,0,0,1,0,0,0,0,0,0,0,0,0,0,4,0,29
459376,2007,3,2,0,0,0,0,2,1,0,0,0,0,0,0,0,0,0,34,0,26
459376,2008,3,3,0,0,0,0,1,0,0,0,0,0,0,0,0,0,0,15,0,27
460579,2007,118,107,32,3,4,1,19,9,0,1,0,1,46,7,7,3,15,28,0,26
460579,2008,175,160,47,13,0,0,32,10,0,3,1,1,60,7,9,5,26,58,0,27
460579,2009,1066,938,288,30,14,6,148,80,4,18,10,20,364,78,84,34,148,240,18,28
460579,2010,577,509,129,17,7,0,88,40,1,10,3,15,160,24,34,17,60,136,2,29
460579,2011,429,378,115,20,6,4,70,19,0,14,3,15,159,37,13,4,61,119,6,30
460579,2012,322,289,69,5,3,3,63,20,0,6,0,7,89,16,12,5,44,122,4,31
460579,2014,52,41,14,1,0,1,6,7,0,0,1,3,18,6,3,0,8,15,0,33
461872,2009,2,2,0,0,0,0,2,0,0,0,0,0,0,0,0,0,0,12,0,23
461872,2011,0,0,0,0,0,0,0,0,0,0,0,0,0,0,0,0,0,27,0,25
461872,2012,2,2,0,0,0,0,1,0,0,0,0,0,0,0,0,0,0,44,0,26
461872,2013,1,1,0,0,0,0,1,0,0,0,0,0,0,0,0,0,0,48,0,27
461872,2014,0,0,0,0,0,0,0,0,0,0,0,0,0,0,0,0,0,50,0,28
461872,2016,0,0,0,0,0,0,0,0,0,0,0,0,0,0,0,0,0,26,0,30
461872,2017,0,0,0,0,0,0,0,0,0,0,0,0,0,0,0,0,0,140,0,31
461872,2018,0,0,0,0,0,0,0,0,0,0,0,0,0,0,0,0,0,29,0,32
461872,2019,0,0,0,0,0,0,0,0,0,0,0,0,0,0,0,0,0,44,0,33
461872,2021,0,0,0,0,0,0,0,0,0,0,0,0,0,0,0,0,0,26,0,35
462995,2007,27,23,1,0,0,0,12,1,0,0,0,3,1,0,0,0,1,18,0,22
462995,2008,5,3,0,0,0,0,2,0,0,0,0,2,0,0,0,0,0,4,0,23
462995,2009,22,21,0,0,0,0,17,0,0,0,0,1,0,0,0,0,0,11,0,24
462995,2010,0,0,0,0,0,0,0,0,0,0,0,0,0,0,0,0,0,2,0,25
462995,2012,0,0,0,0,0,0,0,0,0,0,0,0,0,0,0,0,0,4,0,27
464400,2011,18,15,1,1,0,0,8,2,0,0,0,1,2,0,0,0,3,10,0,25
465668,2008,86,76,16,1,1,0,21,9,0,0,0,1,19,2,4,3,10,26,3,24
465668,2009,5,4,1,1,0,0,1,1,0,0,0,0,2,0,1,0,1,3,0,25
465668,2010,461,414,102,18,3,11,93,35,1,4,6,2,159,47,16,2,52,134,3,26
465668,2011,337,309,75,12,2,7,63,22,1,4,0,2,112,27,17,3,40,91,7,27
465668,2012,261,227,66,11,0,5,53,28,3,2,1,3,92,25,15,3,25,129,2,28
465668,2013,500,454,82,20,4,8,130,32,2,10,0,4,134,22,8,0,52,224,8,29
465668,2014,160,132,22,6,0,2,38,20,0,6,0,2,34,18,4,2,10,106,4,30
467094,2012,2,1,0,0,0,0,0,0,0,0,0,1,0,0,0,0,0,29,0,24
467094,2013,4,3,0,0,0,0,1,0,0,0,0,1,0,0,0,0,0,29,0,25
467094,2014,8,7,1,0,0,0,5,1,0,0,0,0,1,0,0,0,0,4,0,26
467100,2010,0,0,0,0,0,0,0,0,0,0,0,0,0,0,0,0,0,10,0,23
467100,2011,5,4,0,0,0,0,4,0,0,0,0,1,0,0,0,0,0,28,0,24
467100,2012,9,7,1,0,0,0,6,0,0,0,0,2,1,0,0,0,0,28,0,25
467100,2013,3,3,0,0,0,0,3,0,0,0,0,0,0,0,0,0,0,23,0,26
467100,2016,56,52,6,0,0,0,36,0,0,0,0,4,6,0,0,0,2,64,0,29
467100,2017,60,51,1,0,0,0,31,0,0,0,0,9,1,0,0,0,0,31,0,30
467100,2018,56,53,1,0,0,0,30,0,0,0,0,3,1,0,0,0,1,29,1,31
467100,2019,5,5,0,0,0,0,4,0,0,0,0,0,0,0,0,0,0,34,0,32
467143,2011,7,6,2,0,0,0,2,1,1,0,0,0,2,0,0,0,1,2,0,23
467143,2014,21,20,3,1,0,0,9,1,0,0,0,0,4,1,0,0,2,15,0,26
467143,2015,134,127,23,11,2,1,40,3,0,2,0,2,41,7,0,0,15,66,1,27
467785,2008,6,6,0,0,0,0,3,0,0,0,0,0,0,0,0,0,1,17,0,24
467785,2015,1,1,0,0,0,0,0,0,0,0,0,0,0,0,0,0,0,14,0,31
468396,2010,1,1,1,0,0,0,0,0,0,0,0,0,1,0,0,0,1,44,0,26
468396,2011,2,2,1,0,0,0,1,0,0,0,0,0,1,0,0,0,0,31,0,27
468396,2012,2,2,1,0,0,0,1,0,0,0,0,0,1,0,0,0,0,58,0,28
468396,2013,1,1,0,0,0,0,1,0,0,0,0,0,0,0,0,0,0,23,0,29
468396,2014,0,0,0,0,0,0,0,0,0,0,0,0,0,0,0,0,0,27,0,30
468396,2015,0,0,0,0,0,0,0,0,0,0,0,0,0,0,0,0,0,64,0,31
468396,2016,0,0,0,0,0,0,0,0,0,0,0,0,0,0,0,0,0,36,0,32
469134,2009,1,1,0,0,0,0,0,0,0,0,0,0,0,0,0,0,0,1,0,23
469134,2010,21,18,3,2,0,0,7,0,0,0,0,3,5,1,0,0,2,33,0,24
469134,2011,31,27,7,1,0,0,12,0,0,0,0,4,8,0,0,0,2,22,0,25
469134,2012,6,6,2,0,0,0,2,0,0,0,0,0,2,0,0,0,0,134,0,26
469134,2013,6,3,0,0,0,0,1,0,0,0,0,3,0,0,0,0,0,46,0,27
469134,2014,1,1,0,0,0,0,0,0,0,0,0,0,0,0,0,0,0,16,0,28
469134,2015,0,0,0,0,0,0,0,0,0,0,0,0,0,0,0,0,0,18,0,29
471911,2011,7,5,0,0,0,0,3,0,0,0,0,2,0,0,0,0,0,21,0,24
471911,2013,0,0,0,0,0,0,0,0,0,0,0,0,0,0,0,0,0,15,0,26
471911,2014,2,2,0,0,0,0,2,0,0,0,0,0,0,0,0,0,0,40,0,27
471911,2015,3,1,1,0,0,0,0,0,0,0,0,2,1,0,0,0,0,30,0,28
471911,2017,5,4,0,0,0,0,1,1,0,0,0,0,0,0,0,0,1,32,0,30
471911,2018,4,4,1,0,0,0,2,0,0,0,0,0,1,1,0,0,0,32,0,31
471911,2019,0,0,0,0,0,0,0,0,0,0,0,0,0,0,0,0,0,23,0,32
471911,2021,19,15,0,0,0,0,10,0,0,0,0,4,0,0,0,0,0,12,0,34
472490,2006,1,1,0,0,0,0,1,0,0,0,0,0,0,0,0,0,0,10,0,23
474668,2011,9,8,1,0,0,0,5,1,0,0,0,0,1,1,0,0,0,6,0,23
474668,2013,1,1,0,0,0,0,0,0,0,0,0,0,0,0,0,0,0,1,0,25
474668,2015,1,0,0,0,0,0,0,0,0,0,0,1,0,0,0,0,0,1,0,27
475100,2012,57,54,9,2,0,2,14,2,0,0,0,1,17,7,1,0,4,27,2,25
475100,2013,152,129,31,8,0,7,37,20,0,1,2,0,60,19,1,1,13,53,7,26
475100,2014,246,212,63,13,1,11,71,28,0,4,2,0,111,29,4,2,32,98,3,27
475100,2015,253,222,53,14,0,6,62,23,2,4,3,1,85,30,3,1,19,96,5,28
475100,2016,113,102,23,6,0,1,24,5,1,5,1,0,32,7,1,2,10,52,3,29
475100,2017,48,41,5,1,0,2,15,7,1,0,0,0,12,3,1,0,6,29,0,30
476192,2013,9,8,1,0,0,0,3,0,0,1,0,0,1,1,0,0,2,8,0,27
476192,2015,52,48,8,2,0,0,13,4,0,0,0,0,10,4,0,0,5,27,5,29
476206,2010,1,1,0,0,0,0,1,0,0,0,0,0,0,0,0,0,0,12,0,26
476594,2018,0,0,0,0,0,0,0,0,0,0,0,0,0,0,0,0,0,32,0,28
476594,2019,0,0,0,0,0,0,0,0,0,0,0,0,0,0,0,0,0,10,0,29
476594,2021,8,8,0,0,0,0,4,0,0,0,0,0,0,0,0,0,0,6,0,31
476601,2012,2,2,0,0,0,0,2,0,0,0,0,0,0,0,0,0,0,30,0,25
476601,2013,0,0,0,0,0,0,0,0,0,0,0,0,0,0,0,0,0,34,0,26
488681,2012,105,98,20,3,0,1,29,5,0,1,0,1,26,7,1,1,8,43,1,26
488681,2013,445,408,98,17,1,8,127,21,0,8,2,6,141,41,11,11,46,136,5,27
488681,2014,313,292,75,17,4,8,100,15,0,0,0,6,124,27,5,4,37,132,11,28
488681,2015,281,255,64,13,2,2,67,21,3,3,1,1,87,17,4,2,30,106,6,29
488681,2016,109,100,22,6,2,0,30,3,0,1,0,5,32,8,1,2,10,48,0,30
488681,2018,21,19,5,0,0,1,5,2,0,0,0,0,8,2,0,0,2,19,1,32
489209,2011,53,50,15,3,2,2,8,2,0,0,1,0,28,9,0,1,7,15,2,26
489209,2012,114,105,22,3,0,4,19,6,1,2,0,1,37,11,1,0,10,48,5,27
489209,2013,92,85,19,4,0,3,17,5,0,1,1,0,32,12,0,0,11,48,5,28
489305,2014,18,15,3,1,0,0,7,2,0,1,0,0,4,2,0,0,0,9,0,26
489305,2015,43,42,11,2,0,0,10,0,0,1,0,0,13,7,1,0,5,17,2,27
489305,2016,69,62,13,3,0,1,20,5,0,2,0,0,19,5,0,0,1,24,1,28
493193,2016,317,292,74,9,0,14,74,20,2,5,0,0,125,49,0,0,33,104,8,34
493200,2016,2,2,0,0,0,0,2,0,0,0,0,0,0,0,0,0,0,76,0,33
493200,2017,0,0,0,0,0,0,0,0,0,0,0,0,0,0,0,0,0,62,0,34
493200,2018,0,0,0,0,0,0,0,0,0,0,0,0,0,0,0,0,0,146,0,35
493200,2019,0,0,0,0,0,0,0,0,0,0,0,0,0,0,0,0,0,21,0,36
493337,2010,9,7,1,0,0,0,4,0,0,0,0,2,1,0,0,0,0,5,0,28
493337,2011,9,8,0,0,0,0,5,0,0,0,0,1,0,0,0,0,0,10,1,29
493337,2013,0,0,0,0,0,0,0,0,0,0,0,0,0,0,0,0,0,1,0,31
499107,2008,0,0,0,0,0,0,0,0,0,0,0,0,0,0,0,0,0,1,0,27
499107,2014,0,0,0,0,0,0,0,0,0,0,0,0,0,0,0,0,0,30,0,33
499864,2013,110,104,27,6,0,0,28,2,0,3,1,0,33,5,0,2,15,34,2,25
499864,2014,41,37,6,2,0,0,13,0,0,2,0,2,8,2,0,0,3,18,1,26
499864,2015,34,32,2,0,0,0,12,2,0,0,0,0,2,0,0,0,2,32,0,27
501571,2013,421,392,95,21,5,4,96,20,4,2,2,5,138,34,6,3,35,121,6,24
501571,2014,452,416,117,24,3,4,87,20,1,7,6,3,159,47,13,4,46,116,6,25
501571,2015,465,441,114,16,5,6,87,16,2,4,3,1,158,41,7,3,47,143,6,26
501571,2016,160,142,34,7,2,3,27,11,1,2,1,4,54,9,4,2,15,79,4,27
501571,2017,272,252,63,16,2,3,56,14,0,3,1,2,92,15,7,3,37,94,6,28
501571,2018,64,59,20,1,1,0,9,3,1,1,1,0,23,6,3,1,9,30,2,29
501571,2019,285,258,55,12,1,5,75,22,4,2,1,2,84,27,4,1,38,133,8,30
501571,2020,0,0,0,0,0,0,0,0,0,0,0,0,0,0,0,0,0,2,0,31
501571,2021,327,309,73,20,2,6,76,12,0,1,1,4,115,38,1,2,39,112,8,32
501571,2022,62,60,11,2,1,0,15,2,0,0,0,0,15,0,0,0,4,20,0,33
501605,2010,46,42,6,0,0,0,17,2,1,0,2,0,6,5,0,0,4,20,0,22
501605,2011,132,120,30,6,0,2,28,10,0,0,2,0,42,18,0,0,16,44,0,23
501605,2012,56,50,8,0,0,1,13,5,0,0,1,0,11,4,0,2,4,29,2,24
501605,2013,31,28,8,0,1,0,8,2,0,0,0,1,10,2,0,0,3,8,1,25
501647,2011,57,54,11,3,1,3,20,2,0,0,1,0,25,8,0,0,6,16,1,22
501647,2012,426,396,107,19,0,28,99,25,2,1,4,0,210,71,4,5,67,117,10,23
501647,2013,466,449,131,22,1,21,109,15,0,1,1,0,218,79,4,1,63,121,7,24
501647,2014,410,382,102,25,0,13,70,23,5,0,5,0,166,54,1,0,46,106,17,25
501647,2015,242,231,62,14,1,6,56,8,2,1,1,1,96,29,2,1,22,87,8,26
501660,2013,113,106,25,4,0,1,19,6,0,0,1,0,32,9,3,1,9,34,2,24
501660,2014,36,36,5,0,0,1,14,0,0,0,0,0,8,3,1,0,2,13,1,25
502010,2015,2,1,0,0,0,0,1,0,0,0,0,1,0,0,0,0,0,12,0,27
502102,2012,1,1,0,0,0,0,0,0,0,0,0,0,0,0,0,0,0,27,0,26
502102,2013,0,0,0,0,0,0,0,0,0,0,0,0,0,0,0,0,0,2,0,27
502139,2011,1,0,0,0,0,0,0,1,0,0,0,0,0,0,0,0,0,14,0,23
502139,2012,1,1,0,0,0,0,1,0,0,0,0,0,0,0,0,0,0,6,0,24
503566,2017,0,0,0,0,0,0,0,0,0,0,0,0,0,0,0,0,0,2,0,28
516970,2015,7,6,2,0,0,0,3,1,0,0,0,0,2,0,0,0,0,16,0,26
517369,2014,25,24,8,1,2,0,4,1,0,0,0,0,13,3,0,0,6,7,1,24
517369,2015,78,74,17,3,0,1,16,2,0,0,1,1,23,5,1,0,7,37,4,25
517369,2016,41,39,6,2,0,0,9,1,0,0,0,1,8,0,0,1,2,15,0,26
517369,2017,344,312,90,25,4,10,71,27,0,2,2,1,153,40,4,3,43,83,8,27
517369,2018,473,438,109,23,2,5,89,30,1,3,2,0,151,32,6,3,54,146,10,28
517369,2019,48,44,8,2,0,2,14,4,0,0,0,0,16,4,0,0,2,28,2,29
517370,2011,179,168,48,8,2,2,47,9,0,0,1,1,66,18,5,4,16,46,3,22
517370,2012,82,74,14,1,1,0,21,6,0,0,2,0,17,3,2,1,7,24,0,23
517370,2013,135,125,24,4,0,1,44,6,0,1,2,1,31,10,4,4,8,48,1,24
517370,2014,130,126,36,8,0,4,32,4,0,0,0,0,56,16,8,0,24,54,2,25
517370,2015,384,363,100,17,2,10,111,19,0,0,2,0,151,42,4,4,46,104,8,26
517370,2016,334,316,70,16,0,10,96,14,0,0,2,2,116,38,0,2,30,166,0,27
518445,2017,0,0,0,0,0,0,0,0,0,0,0,0,0,0,0,0,0,28,0,28
518500,2011,22,22,4,1,0,0,8,0,0,0,0,0,5,3,0,0,1,11,1,26
518500,2012,126,112,26,7,0,5,34,12,0,0,2,0,48,11,2,2,14,46,3,27
518500,2013,165,150,34,5,0,7,44,13,0,0,0,2,60,24,1,0,16,68,3,28
518500,2014,49,44,8,1,0,2,15,3,0,1,1,0,15,7,0,0,6,19,2,29
518852,2014,5,3,0,0,0,0,1,0,0,0,0,2,0,0,0,0,0,4,0,24
518876,2019,60,52,1,0,0,0,25,2,0,0,0,6,1,2,0,0,3,32,2,30
518876,2021,58,47,3,1,0,0,27,4,0,0,0,7,4,1,0,0,1,27,1,32
518876,2026,0,0,0,0,0,0,0,0,0,0,0,0,0,0,0,0,0,28,0,37
518963,2012,11,11,1,0,0,0,5,0,0,0,0,0,1,0,0,0,1,7,0,26
518963,2013,26,20,6,2,0,0,6,6,0,0,0,0,8,2,0,0,2,15,1,27
519168,2014,5,5,0,0,0,0,3,0,0,0,0,0,0,0,0,0,0,7,0,24
519168,2015,2,2,0,0,0,0,2,0,0,0,0,0,0,0,0,0,0,4,0,25
519168,2016,3,3,1,0,0,1,1,0,0,0,0,0,4,1,0,0,1,7,0,26
519295,2014,92,86,30,5,0,3,24,3,0,3,0,0,44,12,0,0,12,24,1,25
519295,2015,384,332,64,14,4,12,78,38,0,6,8,0,122,52,2,2,48,152,6,26
519295,2016,319,290,69,6,2,7,44,19,0,7,2,1,100,27,1,2,28,99,11,27
519295,2017,29,27,7,1,0,0,6,1,0,1,0,0,8,0,0,0,1,16,0,28
519295,2018,41,39,5,1,1,0,10,1,0,1,0,0,8,2,1,0,2,20,4,29
519346,2011,394,362,95,24,5,12,88,23,0,5,3,1,165,37,2,1,58,95,7,24
519346,2012,580,542,126,24,6,18,174,30,0,2,4,2,216,50,2,2,54,172,14,25
519346,2017,551,469,116,26,4,31,163,75,5,7,0,0,243,63,4,2,83,138,6,30
519346,2018,278,247,54,10,3,16,97,29,4,2,0,0,118,37,7,0,41,96,3,31
519346,2019,459,396,98,23,2,25,140,51,4,10,2,0,200,61,3,2,67,149,0,32
519346,2020,140,123,25,5,0,3,42,14,1,3,0,0,39,12,1,0,10,41,2,33
519403,2013,3,3,0,0,0,0,0,0,0,0,0,0,0,0,0,0,0,3,0,28
519445,2010,115,106,27,5,0,2,13,6,0,0,0,3,38,8,1,2,10,39,0,24
519445,2011,39,37,10,2,0,0,9,2,0,0,0,0,12,3,0,0,6,30,0,25
519445,2012,90,74,16,3,0,0,23,13,0,0,1,2,19,3,0,0,9,43,1,26
519445,2013,2,2,0,0,0,0,1,0,0,0,0,0,0,0,0,0,0,3,1,27
519445,2014,46,42,7,1,0,0,12,2,0,1,1,0,8,5,0,1,5,20,1,28
519445,2016,40,39,7,2,0,0,6,1,0,0,0,0,9,1,0,0,4,16,1,30
521655,2017,0,0,0,0,0,0,0,0,0,0,0,0,0,0,0,0,0,3,0,27
521655,2018,4,0,0,0,0,0,0,0,0,0,0,4,0,0,0,0,0,30,0,28
521655,2019,8,6,2,0,0,0,4,0,0,0,0,2,2,0,0,0,0,96,0,29
534428,2009,2,2,0,0,0,0,0,0,0,0,0,0,0,0,0,0,0,14,0,25
534428,2010,0,0,0,0,0,0,0,0,0,0,0,0,0,0,0,0,0,8,0,26
534737,2016,0,0,0,0,0,0,0,0,0,0,0,0,0,0,0,0,0,19,0,27
534947,2016,23,21,4,2,0,0,11,0,0,0,0,2,6,3,0,0,2,13,0,28
534947,2017,32,29,3,1,0,0,10,0,0,0,0,3,4,2,0,0,0,30,0,29
539438,2012,8,7,1,0,0,0,4,0,0,0,0,1,1,0,0,0,1,27,0,25
539438,2013,7,7,1,0,0,0,3,0,0,0,0,0,1,0,0,0,0,24,0,26
541650,2012,2,2,1,0,0,0,0,0,0,0,0,0,1,0,0,0,1,2,0,21
541650,2013,71,66,13,0,1,0,15,2,0,0,1,2,15,5,1,0,13,34,2,22
541650,2014,6,5,1,0,0,0,1,1,0,0,0,0,1,0,0,0,1,8,0,23
541650,2015,544,526,128,30,4,2,118,10,2,0,2,6,172,42,10,2,28,224,12,24
541650,2016,430,404,110,18,3,13,94,18,0,1,4,3,173,56,34,7,50,123,6,25
541650,2017,458,432,112,19,3,14,79,20,1,0,4,2,179,51,13,4,47,136,8,26
541650,2018,334,316,80,11,2,9,71,17,1,0,1,0,122,29,11,3,36,132,6,27
541650,2019,246,232,53,11,0,8,66,11,0,0,1,2,88,18,5,1,29,91,9,28
541650,2020,6,6,1,0,0,0,2,0,0,0,0,0,1,0,0,0,0,3,0,29
541650,2021,21,19,1,0,0,0,10,2,0,0,0,0,1,0,0,0,1,10,0,30
542194,2013,1,1,0,0,0,0,1,0,0,0,0,0,0,0,0,0,0,1,0,21
542194,2014,117,113,28,3,0,0,26,3,0,1,0,0,31,9,1,1,7,31,3,22
542194,2015,160,155,31,8,0,2,33,5,1,0,0,0,45,12,1,1,16,48,7,23
542194,2016,204,193,44,9,0,6,56,10,0,0,1,0,71,25,1,2,20,73,9,24
542194,2017,7,7,1,0,0,0,3,0,0,0,0,0,1,0,0,0,0,8,0,25
542194,2022,666,636,160,34,0,22,160,24,0,4,0,2,260,68,10,2,78,202,12,30
542194,2023,332,315,71,16,0,11,91,13,0,0,3,1,120,33,1,0,49,104,6,31
542194,2024,294,278,58,14,0,10,72,10,0,2,0,4,102,44,6,0,36,124,4,32
542992,2016,7,6,0,0,0,0,2,0,0,1,0,0,0,0,0,0,2,10,0,25
542992,2021,15,11,3,1,0,0,1,3,0,1,0,0,4,0,0,0,2,9,1,30
543001,2019,2,2,0,0,0,0,1,0,0,0,0,0,0,0,0,0,0,9,0,28
543031,2012,14,11,1,0,0,0,3,3,0,0,0,0,1,0,0,0,2,6,1,25
543031,2013,22,18,2,1,0,0,4,2,0,0,0,2,3,1,0,0,1,13,0,26
543031,2018,3,3,0,0,0,0,2,0,0,0,0,0,0,0,0,0,0,7,0,31
543184,2012,29,25,2,0,0,0,15,3,0,0,0,1,2,0,0,0,1,17,0,24
543184,2014,5,5,1,0,0,0,2,0,0,0,0,0,1,0,0,0,0,16,0,26
543184,2015,3,3,0,0,0,0,0,0,0,0,0,0,0,0,0,0,0,68,0,27
543184,2016,43,37,2,0,0,0,23,3,0,0,0,3,2,2,0,0,2,24,1,28
543193,2018,2,1,0,0,0,0,0,0,0,0,1,0,0,1,0,0,0,5,0,28
543193,2019,4,3,1,0,0,0,0,0,0,0,0,1,1,0,0,0,0,18,1,29
543208,2017,5,5,1,0,0,0,2,0,0,0,0,0,1,0,0,0,1,12,0,27
543208,2018,3,3,1,1,0,0,1,0,0,0,0,0,2,0,0,0,0,26,0,28
543208,2019,0,0,0,0,0,0,0,0,0,0,0,0,0,0,0,0,0,52,0,29
543391,2012,12,10,2,0,0,0,4,0,0,0,0,2,2,0,0,0,0,7,1,22
543391,2015,3,2,0,0,0,0,0,0,0,0,0,1,0,0,0,0,0,3,0,25
543391,2016,3,2,0,0,0,0,1,0,0,0,0,1,0,0,0,0,0,10,0,26
543391,2018,6,4,0,0,0,0,3,0,0,0,0,2,0,0,0,0,0,7,0,28
543557,2015,3,3,0,0,0,0,2,0,0,0,0,0,0,0,0,0,0,16,0,25
543557,2016,22,22,2,0,0,0,10,0,0,0,0,0,2,2,0,0,4,98,0,26
543557,2017,30,27,5,1,0,1,10,0,0,0,0,3,9,3,0,0,5,44,0,27
543557,2018,35,33,3,0,0,0,20,1,0,0,0,1,3,1,0,0,1,39,0,28
543557,2019,12,12,2,0,0,0,6,0,0,0,0,0,2,0,0,0,0,66,0,29
543594,2021,6,5,0,0,0,0,3,0,0,0,0,1,0,0,0,0,0,10,0,31
543698,2014,4,4,1,1,0,0,1,0,0,0,0,0,2,0,0,0,0,16,0,24
543698,2015,1,1,1,0,0,0,0,0,0,0,0,0,1,1,0,0,0,1,0,25
543742,2011,227,198,50,15,0,4,51,25,0,1,1,2,77,26,3,3,20,61,5,23
543742,2012,24,23,4,2,0,0,9,1,0,0,0,0,6,1,0,0,2,9,0,24
543742,2014,22,21,4,0,0,1,6,0,0,1,0,0,7,4,0,0,1,12,2,26
543742,2015,133,123,29,5,1,4,36,9,0,0,1,0,48,19,0,0,11,50,0,27
543742,2016,58,55,13,0,0,1,24,3,0,0,0,0,16,7,0,0,2,24,3,28
543809,2013,1,1,0,0,0,0,1,0,0,0,0,0,0,0,0,0,0,6,0,23
543809,2014,5,5,1,1,0,0,1,0,0,0,0,0,2,0,0,0,0,6,0,24
543819,2011,4,4,0,0,0,0,4,0,0,0,0,0,0,0,0,0,0,28,0,24
543819,2012,0,0,0,0,0,0,0,0,0,0,0,0,0,0,0,0,0,18,0,25
543903,2015,11,11,0,0,0,0,6,0,0,0,0,0,0,0,0,0,1,9,0,25
543903,2018,0,0,0,0,0,0,0,0,0,0,0,0,0,0,0,0,0,3,0,28
543903,2019,0,0,0,0,0,0,0,0,0,0,0,0,0,0,0,0,0,12,0,29
543921,2012,8,8,2,1,0,0,2,0,0,0,0,0,3,2,0,0,0,5,0,22
543921,2014,3,3,0,0,0,0,2,0,0,0,0,0,0,0,0,0,0,4,0,24
543921,2015,2,1,0,0,0,0,1,0,0,0,0,1,0,0,0,0,0,2,0,25
544150,2016,24,21,4,2,0,0,11,0,0,0,0,3,6,2,0,0,1,22,0,26
544150,2017,2,2,0,0,0,0,0,0,0,0,0,0,0,0,0,0,0,18,0,27
544150,2024,0,0,0,0,0,0,0,0,0,0,0,0,0,0,0,0,0,32,0,34
545363,2012,16,14,0,0,0,0,8,0,0,0,0,2,0,0,0,0,0,7,0,21
545363,2013,38,35,3,0,1,0,16,0,0,0,0,3,5,0,0,0,0,20,2,22
545363,2014,58,46,8,4,0,0,24,2,0,0,0,10,12,0,0,0,2,56,0,23
545363,2016,0,0,0,0,0,0,0,0,0,0,0,0,0,0,0,0,0,18,0,25
545363,2017,8,5,0,0,0,0,2,1,0,0,0,2,0,0,0,0,0,18,0,26
545363,2018,0,0,0,0,0,0,0,0,0,0,0,0,0,0,0,0,0,4,0,27
546990,2017,8,8,1,1,0,0,3,0,0,0,0,0,2,0,0,0,0,4,0,22
546990,2018,21,19,2,0,0,0,9,2,0,0,0,0,2,1,1,0,3,13,0,23
546990,2019,30,28,5,0,0,1,11,1,0,1,0,0,8,1,2,0,3,16,0,24
546990,2020,58,56,12,0,2,4,16,2,0,0,0,0,28,14,6,0,10,36,0,25
546990,2021,148,133,31,6,1,5,58,12,1,3,0,0,54,11,5,6,14,49,4,26
546990,2022,4,4,1,0,0,0,2,0,0,0,0,0,1,0,0,0,0,2,0,27
547004,2016,7,7,2,0,1,0,2,0,0,0,0,0,4,2,1,0,1,5,0,22
547004,2017,173,150,29,5,0,4,41,19,1,1,3,0,46,19,1,0,22,53,4,23
547004,2018,15,12,1,0,0,0,5,2,0,1,0,0,1,0,0,0,1,14,0,24
547004,2019,413,370,86,13,2,12,88,40,0,0,2,1,139,46,0,1,35,127,12,25
547004,2020,204,185,41,11,0,9,46,17,1,0,1,1,79,32,1,2,25,54,4,26
547004,2021,282,250,42,8,0,6,76,24,0,2,4,2,68,20,4,0,22,124,6,27
547939,2013,0,0,0,0,0,0,0,0,0,0,0,0,0,0,0,0,0,6,0,37
547942,2021,29,26,3,1,0,0,9,0,0,1,0,2,4,2,0,0,0,27,0,32
547943,2013,66,58,12,3,1,0,23,2,0,0,0,6,17,5,0,0,5,30,1,26
547943,2014,56,47,7,2,0,0,17,1,0,0,0,8,9,2,0,0,4,26,0,27
547943,2016,1,1,0,0,0,0,0,0,0,0,0,0,0,0,0,0,0,1,0,29
547943,2017,38,30,4,1,0,0,18,3,0,1,0,4,5,0,0,0,3,25,0,30
547943,2018,30,26,7,1,0,0,13,2,0,0,0,2,8,2,0,0,4,16,0,31
547943,2019,67,51,8,1,0,1,23,4,0,0,0,12,12,3,0,0,3,30,0,32
547943,2021,4,4,0,0,0,0,2,0,0,0,0,0,0,0,0,0,0,31,0,34
547957,2016,346,305,92,16,1,6,51,36,0,4,1,0,128,22,1,3,36,95,5,28
547957,2017,478,424,98,16,2,2,92,44,2,4,4,0,124,28,0,0,40,192,6,29
548337,2015,16,14,0,0,0,0,4,0,0,0,0,2,0,0,0,0,0,36,0,25
548337,2016,22,19,1,1,0,0,12,0,0,0,0,3,2,0,0,0,1,35,0,26
548384,2012,10,10,2,0,0,0,1,0,0,0,0,0,2,0,0,0,0,5,0,24
548384,2013,4,3,0,0,0,0,1,0,0,0,0,1,0,0,0,0,0,9,0,25
548384,2021,0,0,0,0,0,0,0,0,0,0,0,0,0,0,0,0,0,58,0,33
548384,2023,0,0,0,0,0,0,0,0,0,0,0,0,0,0,0,0,0,66,0,35
553988,2015,78,68,16,3,0,0,14,7,0,0,0,3,19,5,1,0,6,24,3,23
553988,2016,13,10,1,0,0,0,4,3,0,0,0,0,1,0,0,0,1,8,0,24
553988,2017,181,166,43,5,1,1,32,10,0,1,2,2,53,11,1,0,17,73,6,25
553988,2018,233,214,44,13,1,1,41,14,1,3,1,1,62,21,1,1,20,67,2,26
553988,2022,17,15,3,0,0,0,5,1,0,1,0,0,3,0,0,0,1,5,0,30
570240,2016,0,0,0,0,0,0,0,0,0,0,0,0,0,0,0,0,0,11,0,26
570240,2017,4,3,0,0,0,0,1,1,0,0,0,0,0,0,0,0,0,25,0,27
570240,2018,6,6,0,0,0,0,1,0,0,0,0,0,0,0,0,0,0,19,0,28
570240,2019,2,2,0,0,0,0,0,0,0,0,0,0,0,0,0,0,0,23,0,29
570810,2017,8,6,1,0,0,0,3,1,0,1,0,0,1,0,0,0,0,10,0,27
571035,2018,0,0,0,0,0,0,0,0,0,0,0,0,0,0,0,0,0,9,0,27
571437,2014,5,5,0,0,0,0,2,0,0,0,0,0,0,0,0,0,0,2,0,23
571437,2015,161,137,33,11,4,5,41,16,0,5,2,1,67,22,6,2,25,39,3,24
571437,2016,227,198,39,6,0,4,69,23,2,6,0,0,57,22,7,2,23,57,4,25
571437,2017,412,372,101,24,5,19,104,32,2,7,1,0,192,65,5,4,58,107,12,26
571437,2018,285,243,44,11,1,8,91,36,0,4,2,0,81,38,3,2,28,105,13,27
571437,2019,132,122,10,4,0,2,50,6,0,2,2,0,20,6,0,0,16,98,2,28
571506,2014,83,74,21,3,0,1,19,9,1,0,0,0,27,11,0,0,10,39,0,26
571506,2015,446,409,107,20,0,23,101,34,3,2,1,0,196,73,0,0,42,129,19,27
571506,2016,321,280,74,12,1,15,56,38,9,0,3,0,133,51,0,0,35,90,8,28
571506,2017,429,377,109,18,0,25,95,47,7,1,4,0,202,83,1,0,52,108,10,29
571506,2018,1002,846,192,26,2,40,248,146,12,4,6,0,342,118,4,0,98,282,20,30
571506,2019,170,151,26,5,0,8,52,17,0,1,1,0,55,26,0,0,18,52,7,31
571527,2014,39,30,3,1,0,0,10,4,0,0,0,5,4,2,0,0,2,20,0,25
571527,2015,23,20,4,1,0,0,8,2,0,0,0,1,5,1,0,0,2,15,0,26
571577,2015,1,1,0,0,0,0,1,0,0,0,0,0,0,0,0,0,0,5,0,27
571577,2018,0,0,0,0,0,0,0,0,0,0,0,0,0,0,0,0,0,1,0,30
571602,2013,87,76,18,6,0,3,24,10,1,1,0,0,33,12,0,1,8,31,1,22
571602,2016,2,2,1,0,0,0,1,0,0,0,0,0,1,1,0,0,1,1,0,25
571602,2017,443,414,91,16,1,26,165,19,0,5,5,0,187,68,0,1,43,118,12,26
571602,2018,496,434,99,23,0,20,165,52,0,7,3,0,182,62,0,0,51,126,8,27
571602,2020,47,43,7,1,0,3,13,4,0,0,0,0,17,11,0,0,3,22,2,29
571602,2022,74,68,10,0,0,4,26,6,0,0,0,0,22,6,0,2,6,26,0,31
571616,2017,0,0,0,0,0,0,0,0,0,0,0,0,0,0,0,0,0,23,0,26
571676,2017,0,0,0,0,0,0,0,0,0,0,0,0,0,0,0,0,0,1,0,28
571676,2021,4,3,0,0,0,0,2,1,0,0,0,0,0,0,0,0,0,4,0,32
571679,2017,17,17,4,2,0,0,4,0,0,0,0,0,6,2,0,0,2,6,1,28
571679,2018,106,93,20,6,0,1,25,8,0,0,0,1,29,5,0,0,9,36,2,29
571679,2019,40,30,2,0,0,0,10,8,0,0,2,0,2,2,0,0,4,34,2,30
571735,2013,4,4,0,0,0,0,3,0,0,0,0,0,0,0,0,0,0,2,0,25
571735,2014,19,17,1,0,0,0,8,0,0,0,1,1,1,1,0,0,1,45,0,26
571735,2015,27,23,2,0,0,0,9,0,0,0,0,4,2,0,0,0,1,17,0,27
571735,2016,0,0,0,0,0,0,0,0,0,0,0,0,0,0,0,0,0,2,0,28
571735,2021,0,0,0,0,0,0,0,0,0,0,0,0,0,0,0,0,0,17,0,33
571757,2016,224,200,47,7,3,12,64,18,2,0,2,4,96,28,5,2,35,114,1,28
571757,2017,61,52,18,2,2,2,20,9,2,0,0,0,30,10,1,0,10,41,0,29
571830,2016,347,315,81,15,0,21,75,22,0,4,6,0,159,47,1,1,47,107,11,24
571830,2017,533,495,119,27,1,22,129,33,1,2,3,0,214,69,1,0,51,142,21,25
572102,2015,17,16,0,0,0,0,11,0,0,0,0,1,0,0,0,0,1,13,1,24
572102,2016,7,7,0,0,0,0,6,0,0,0,0,0,0,0,0,0,0,18,0,25
572143,2013,10,9,1,0,0,0,2,1,0,0,0,0,1,0,0,0,0,10,0,23
572143,2018,0,0,0,0,0,0,0,0,0,0,0,0,0,0,0,0,0,38,0,28
572143,2019,2,2,0,0,0,0,2,0,0,0,0,0,0,0,0,0,0,34,0,29
572143,2021,0,0,0,0,0,0,0,0,0,0,0,0,0,0,0,0,0,31,0,31
572403,2015,0,0,0,0,0,0,0,0,0,0,0,0,0,0,0,0,0,20,0,24
572403,2016,0,0,0,0,0,0,0,0,0,0,0,0,0,0,0,0,0,19,0,25
572403,2017,0,0,0,0,0,0,0,0,0,0,0,0,0,0,0,0,0,24,0,26
572403,2018,1,1,0,0,0,0,0,0,0,0,0,0,0,0,0,0,0,41,0,27
572403,2019,0,0,0,0,0,0,0,0,0,0,0,0,0,0,0,0,0,22,0,28
572750,2014,6,6,0,0,0,0,3,0,0,0,0,0,0,0,0,0,0,3,0,23
572750,2015,24,23,1,0,0,0,13,0,0,0,0,1,1,0,0,0,0,16,0,24
572750,2016,19,15,1,0,0,0,2,0,0,0,0,4,1,0,0,0,0,17,0,25
572750,2017,19,15,1,0,0,0,6,1,0,0,0,3,1,0,0,0,0,13,0,26
572750,2018,6,4,0,0,0,0,0,2,0,0,0,0,0,0,0,0,0,60,0,27
572947,2013,1,1,0,0,0,0,1,0,0,0,0,0,0,0,0,0,0,1,0,26
573131,2012,37,33,11,2,1,3,12,2,1,0,2,0,24,10,0,0,4,12,1,25
573131,2013,293,251,62,11,0,14,91,33,1,7,2,0,115,30,0,0,36,73,4,26
573131,2014,117,102,24,8,0,3,32,8,0,4,2,1,41,8,0,0,13,52,2,27
573131,2015,297,268,63,12,0,12,69,21,0,5,3,0,111,39,1,0,30,106,7,28
573131,2016,89,83,17,2,0,3,25,4,0,0,2,0,28,9,0,1,8,43,5,29
573131,2020,100,87,24,6,0,5,23,13,0,0,0,0,45,18,1,0,11,40,1,33
573131,2021,312,262,71,13,2,16,87,46,2,3,1,0,136,43,2,0,41,117,8,34
573131,2022,776,668,136,24,0,22,210,90,0,12,6,0,226,90,4,0,104,238,22,35
573131,2023,114,98,22,6,0,0,32,16,0,0,0,0,28,6,0,0,6,40,0,36
573135,2015,254,236,53,6,4,4,51,12,0,2,1,3,79,20,8,2,33,68,9,25
573135,2016,319,298,84,14,0,8,62,13,0,3,3,2,122,38,11,5,33,93,11,26
573135,2017,281,253,45,9,2,0,67,23,0,3,0,2,58,10,5,4,23,79,5,27
573135,2018,278,252,62,8,0,10,82,18,0,2,2,4,100,32,4,4,26,116,6,28
573135,2019,71,65,8,0,0,2,26,5,0,1,0,0,14,8,2,0,7,28,1,29
573185,2013,3,2,0,0,0,0,2,1,0,0,0,0,0,0,0,0,0,27,0,24
573185,2014,2,1,0,0,0,0,1,1,0,0,0,0,0,0,0,0,0,7,0,25
573185,2016,65,52,1,0,0,0,40,2,0,0,0,11,1,1,0,0,2,34,0,27
573185,2017,64,55,4,1,0,0,33,1,0,0,0,8,5,1,0,0,2,33,1,28
573185,2018,43,31,5,1,0,0,19,8,0,1,0,3,6,1,0,0,2,26,1,29
573244,2011,1,1,0,0,0,0,1,0,0,0,0,0,0,0,0,0,0,5,0,23
573244,2017,1,1,0,0,0,0,0,0,0,0,0,0,0,0,0,0,0,1,0,29
574831,2013,19,18,5,1,0,0,6,1,0,0,0,0,6,0,0,0,2,9,0,23
574831,2014,280,253,46,6,1,9,69,21,0,3,3,0,81,36,1,0,20,86,11,24
574831,2015,1,1,0,0,0,0,1,0,0,0,0,0,0,0,0,0,0,1,0,25
575070,2019,0,0,0,0,0,0,0,0,0,0,0,0,0,0,0,0,0,5,0,26
592348,2017,18,17,1,0,0,0,10,1,0,0,0,0,1,0,0,0,1,11,0,25
592348,2018,492,444,109,29,3,16,132,42,1,4,2,0,192,53,12,4,55,131,9,26
592348,2019,472,423,105,27,5,12,138,46,1,1,2,0,178,45,12,3,61,112,7,27
592348,2020,179,158,29,7,1,5,69,18,0,0,3,0,53,20,7,1,15,43,4,28
592348,2021,325,290,62,11,2,9,107,29,0,4,2,0,104,33,14,5,39,90,6,29
592348,2022,45,43,5,2,0,0,23,2,0,0,0,0,7,1,1,0,2,15,0,30
592348,2024,66,58,6,0,0,0,20,6,0,0,0,2,6,0,2,2,4,26,0,32
592387,2016,283,269,82,20,0,13,60,12,1,1,0,1,141,37,0,0,36,72,7,24
592387,2017,605,576,156,29,0,25,142,23,0,4,2,0,260,78,0,1,66,149,16,25
592387,2018,524,493,116,15,0,24,113,27,0,2,2,0,203,73,0,0,51,133,21,26
592387,2019,187,169,40,16,0,7,40,13,0,1,4,0,77,26,0,0,24,47,1,27
592387,2020,7,7,1,0,0,0,2,0,0,0,0,0,1,0,0,0,0,4,0,28
592419,2016,49,46,10,2,0,0,8,3,0,0,0,0,12,5,1,0,8,39,0,27
592419,2017,77,72,16,3,0,1,23,4,0,0,1,0,22,7,3,0,13,36,0,28
592419,2021,3,3,0,0,0,0,1,0,0,0,0,0,0,0,0,0,0,2,0,32
592468,2018,25,23,2,1,0,0,10,1,0,1,0,0,3,4,0,0,1,18,0,26
592468,2019,8,6,0,0,0,0,4,2,0,0,0,0,0,0,0,0,0,14,0,27
592499,2018,0,0,0,0,0,0,0,0,0,0,0,0,0,0,0,0,0,13,0,26
592547,2017,3,3,0,0,0,0,1,0,0,0,0,0,0,1,0,0,0,6,0,28
592547,2018,6,6,2,0,0,0,2,0,0,0,0,0,2,0,0,0,0,42,0,29
592644,2016,0,0,0,0,0,0,0,0,0,0,0,0,0,0,0,0,0,2,0,24
592644,2018,2,0,0,0,0,0,0,0,0,0,0,2,0,0,0,0,0,17,0,26
592644,2019,2,2,0,0,0,0,1,0,0,0,0,0,0,0,0,0,0,21,0,27
592644,2020,0,0,0,0,0,0,0,0,0,0,0,0,0,0,0,0,0,10,0,28
592644,2021,0,0,0,0,0,0,0,0,0,0,0,0,0,0,0,0,0,38,0,29
592656,2021,55,50,10,2,0,1,12,4,0,0,1,0,15,8,0,0,5,18,1,29
592656,2023,86,74,18,3,1,0,21,11,0,1,0,0,23,5,2,1,9,23,2,31
592716,2016,0,0,0,0,0,0,0,0,0,0,0,0,0,0,0,0,0,2,0,24
592716,2019,2,2,0,0,0,0,1,0,0,0,0,0,0,0,0,0,0,35,0,27
592716,2021,11,7,0,0,0,0,7,0,0,0,0,4,0,0,0,0,0,11,0,29
592826,2015,0,0,0,0,0,0,0,0,0,0,0,0,0,0,0,0,0,19,0,23
592826,2016,44,40,8,1,0,0,16,1,0,0,0,3,9,0,0,0,4,24,1,24
592826,2017,25,24,6,0,0,0,4,1,0,0,0,0,6,1,0,0,1,16,1,25
592826,2018,45,40,9,1,0,0,11,0,0,0,0,5,10,1,0,0,2,32,2,26
592826,2019,36,30,7,0,0,1,9,2,0,0,0,4,10,3,0,0,2,35,1,27
592826,2021,60,46,4,0,0,0,18,4,0,0,0,10,4,6,0,0,0,52,0,29
592869,2015,3,2,0,0,0,0,0,0,0,0,0,1,0,0,0,0,0,9,0,25
592869,2016,0,0,0,0,0,0,0,0,0,0,0,0,0,0,0,0,0,24,0,26
592869,2017,0,0,0,0,0,0,0,0,0,0,0,0,0,0,0,0,0,9,0,27
593647,2015,34,33,10,3,1,0,7,1,0,0,0,0,15,1,1,0,5,18,0,22
593647,2016,97,95,17,3,1,4,23,2,0,0,0,0,34,12,2,0,10,40,3,23
593647,2018,44,40,7,0,0,1,9,3,0,0,1,0,10,3,0,1,3,24,0,25
593647,2019,43,39,3,0,1,0,17,4,0,0,0,0,5,2,0,0,5,17,2,26
594902,2017,26,26,6,0,0,2,9,0,0,0,0,0,12,8,0,0,2,15,0,25
594902,2018,14,14,0,0,0,0,4,0,0,0,0,0,0,0,0,0,0,22,0,26
594953,2018,449,417,100,15,3,27,153,30,3,2,0,0,202,67,2,1,56,124,7,26
594953,2019,93,84,9,0,0,2,35,8,0,1,0,0,15,4,0,1,4,30,3,27
595001,2015,10,9,2,0,1,0,4,0,0,0,0,1,4,0,0,0,1,10,0,27
595001,2016,11,11,2,1,0,0,4,0,0,0,0,0,3,0,0,0,0,33,0,28
595001,2017,0,0,0,0,0,0,0,0,0,0,0,0,0,0,0,0,0,26,0,29
595001,2019,0,0,0,0,0,0,0,0,0,0,0,0,0,0,0,0,0,18,0,31
595234,2017,0,0,0,0,0,0,0,0,0,0,0,0,0,0,0,0,0,10,0,26
595909,2018,309,283,75,16,2,13,102,18,2,3,3,2,134,45,2,1,54,91,2,25
595909,2019,228,198,51,11,2,8,71,21,0,8,1,0,90,25,0,0,28,72,5,26
595909,2020,123,113,25,3,2,4,44,5,0,5,0,0,44,15,0,2,17,42,0,27
595909,2021,178,164,31,6,1,3,62,10,0,3,0,1,48,13,1,1,14,76,0,28
595909,2022,177,164,35,7,3,5,49,11,0,0,2,0,63,20,2,0,17,54,2,29
595909,2023,203,184,39,8,1,5,55,15,0,1,2,1,64,21,3,0,18,65,3,30
595909,2024,346,323,81,16,5,7,98,18,1,1,3,1,128,37,5,2,42,123,6,31
596043,2016,6,6,0,0,0,0,3,0,0,0,0,0,0,0,0,0,0,14,0,23
596043,2017,4,2,1,0,0,0,0,1,0,0,0,1,1,0,0,0,1,7,0,24
596043,2018,3,3,1,0,0,0,1,0,0,0,0,0,1,1,0,0,1,22,0,25
596043,2019,2,2,0,0,0,0,2,0,0,0,0,0,0,0,0,0,0,13,0,26
596049,2021,3,2,0,0,0,0,1,0,0,0,0,1,0,0,0,0,0,4,0,28
596825,2019,80,72,15,2,2,5,35,7,0,0,1,0,36,11,0,0,8,31,2,26
596825,2021,117,106,16,3,0,1,42,8,0,1,1,1,22,8,0,0,8,47,2,28
599683,2017,0,0,0,0,0,0,0,0,0,0,0,0,0,0,0,0,0,45,0,27
599683,2018,1,1,0,0,0,0,1,0,0,0,0,0,0,0,0,0,0,31,0,28
600301,2016,93,80,15,3,0,2,19,11,0,1,1,0,24,9,0,1,11,34,1,26
600301,2017,280,258,51,12,0,7,62,21,0,0,1,0,84,26,12,1,29,92,9,27
600301,2018,76,68,10,0,0,2,16,8,0,0,0,0,16,4,2,0,4,34,0,28
600301,2021,58,52,10,2,2,0,16,6,0,0,0,0,16,2,0,0,10,32,2,31
600301,2022,6,6,1,0,0,0,3,0,0,0,0,0,1,0,0,0,0,2,0,32
600301,2023,82,76,13,3,0,0,31,5,0,1,0,0,16,2,0,0,3,29,0,33
605138,2021,0,0,0,0,0,0,0,0,0,0,0,0,0,0,0,0,0,13,0,27
605156,2015,2,2,0,0,0,0,0,0,0,0,0,0,0,0,0,0,0,11,0,25
605156,2019,4,3,0,0,0,0,1,0,0,0,0,1,0,0,0,0,0,14,0,29
605182,2016,2,2,0,0,0,0,0,0,0,0,0,0,0,0,0,0,0,17,0,25
605182,2017,3,2,0,0,0,0,1,0,0,0,0,1,0,0,0,0,0,27,0,26
605182,2018,4,4,0,0,0,0,4,0,0,0,0,0,0,0,0,0,0,32,0,27
605182,2019,2,2,0,0,0,0,1,0,0,0,0,0,0,0,0,0,0,21,0,28
605196,2019,78,71,15,4,0,6,28,4,0,2,1,0,37,16,0,1,12,39,2,26
605196,2020,20,17,0,0,0,0,7,1,0,2,0,0,0,0,0,0,0,8,0,27
605361,2018,179,152,45,9,3,1,36,21,1,5,1,0,63,19,0,0,26,55,0,28
605361,2019,218,186,42,8,2,2,52,28,0,2,2,0,60,14,0,0,16,64,0,29
605361,2021,45,37,10,1,0,0,10,6,1,0,2,0,11,4,0,1,4,25,0,31
605361,2023,79,72,19,3,1,6,15,5,0,2,0,0,42,16,0,0,10,29,1,33
605361,2024,163,146,31,4,2,5,38,9,0,4,3,0,54,24,1,3,23,52,1,34
605361,2025,111,102,23,4,0,1,18,9,1,0,0,0,30,4,0,0,9,43,1,35
605441,2017,1,1,0,0,0,0,1,0,0,0,0,0,0,0,0,0,0,13,0,24
605441,2018,1,1,0,0,0,0,1,0,0,0,0,0,0,0,0,0,0,36,0,25
605441,2019,0,0,0,0,0,0,0,0,0,0,0,0,0,0,0,0,0,28,0,26
605441,2021,0,0,0,0,0,0,0,0,0,0,0,0,0,0,0,0,0,20,0,28
605498,2018,51,47,3,0,0,0,27,2,0,0,0,2,3,0,0,0,1,29,1,25
605498,2019,3,3,0,0,0,0,1,0,0,0,0,0,0,0,0,0,0,21,0,26
605512,2015,323,300,73,19,0,13,68,20,0,3,0,0,131,33,0,2,35,98,3,24
605512,2016,144,134,22,8,1,4,40,8,0,2,0,0,44,8,0,0,11,48,2,25
605512,2018,368,332,76,22,0,12,86,26,0,8,2,0,134,54,0,0,38,194,4,27
605541,2015,3,2,1,0,0,0,1,0,0,0,0,1,1,0,0,0,0,12,0,25
605541,2016,0,0,0,0,0,0,0,0,0,0,0,0,0,0,0,0,0,18,0,26
605541,2017,0,0,0,0,0,0,0,0,0,0,0,0,0,0,0,0,0,13,0,27
605541,2018,1,1,0,0,0,0,0,0,0,0,0,0,0,0,0,0,0,48,0,28
605612,2018,10,10,3,0,0,0,2,0,0,0,0,0,3,0,1,0,2,6,0,24
605612,2019,369,354,103,10,4,5,86,9,0,0,4,2,136,38,4,2,30,97,6,25
605612,2020,54,49,17,4,0,0,11,5,0,0,0,0,21,3,0,0,6,22,1,26
605612,2021,339,315,89,13,1,3,72,14,0,1,5,4,113,37,1,1,35,106,7,27
605612,2022,443,420,114,21,2,7,79,17,1,1,2,3,160,47,0,1,37,120,5,28
605612,2023,270,258,65,13,0,1,66,9,0,0,2,1,81,31,1,0,24,99,5,29
605795,2017,1,1,0,0,0,0,0,0,0,0,0,0,0,0,0,0,0,8,0,27
606162,2018,2,2,0,0,0,0,1,0,0,0,0,0,0,0,0,0,0,17,0,24
606162,2019,4,4,0,0,0,0,0,0,0,0,0,0,0,0,0,0,0,28,0,25
606162,2021,1,1,0,0,0,0,0,0,0,0,0,0,0,0,0,0,0,1,1,27
606273,2014,4,4,0,0,0,0,1,0,0,0,0,0,0,0,0,0,0,29,0,25
606273,2016,0,0,0,0,0,0,0,0,0,0,0,0,0,0,0,0,0,3,0,27
606273,2018,2,2,1,0,0,0,1,0,0,0,0,0,1,0,0,0,0,23,0,29
606273,2019,2,2,0,0,0,0,0,0,0,0,0,0,0,0,0,0,0,96,0,30
607111,2021,42,40,6,2,2,0,6,2,0,0,0,0,12,2,0,0,6,24,2,30
607200,2017,5,4,0,0,0,0,3,0,0,0,0,1,0,0,0,0,0,3,0,24
607200,2018,17,16,1,0,0,0,5,1,0,0,0,0,1,0,0,0,1,11,1,25
607200,2019,20,15,2,0,0,0,6,0,0,0,0,5,2,0,0,0,1,21,0,26
607200,2021,43,36,0,0,0,0,14,1,0,0,1,5,0,1,0,0,0,29,0,28
607776,2015,34,32,7,0,1,0,8,0,0,1,1,0,9,1,0,0,2,10,1,24
607776,2016,127,112,25,3,0,6,35,13,0,2,0,0,46,15,0,1,14,54,4,25
607776,2017,73,68,16,2,0,3,25,5,1,0,0,0,27,6,1,1,8,28,2,26
607776,2018,105,94,20,4,0,4,27,11,0,0,0,0,36,11,1,1,14,28,1,27
607776,2019,288,256,40,2,0,8,88,28,0,4,0,0,66,34,4,2,26,80,6,28
607968,2014,0,0,0,0,0,0,0,0,0,0,0,0,0,0,0,0,0,3,0,25
607968,2015,0,0,0,0,0,0,0,0,0,0,0,0,0,0,0,0,0,4,0,26
607968,2018,4,4,0,0,0,0,3,0,0,0,0,0,0,0,0,0,0,32,0,29
608344,2019,8,6,1,0,0,0,2,2,0,0,0,0,1,0,0,0,1,16,0,25
608344,2021,7,5,1,0,0,0,2,0,0,0,0,2,1,1,0,0,0,32,0,27
608365,2015,523,475,115,29,1,13,149,42,2,3,2,1,185,54,4,3,60,142,8,21
608365,2016,598,525,125,25,3,21,135,55,6,12,6,0,219,95,5,1,67,151,11,22
608365,2017,385,352,84,21,3,12,91,29,5,4,0,0,147,43,2,1,52,110,5,23
608365,2018,465,420,105,21,1,5,99,40,2,2,2,1,143,38,4,0,52,130,7,24
608365,2019,241,215,51,4,1,9,58,20,2,3,2,1,84,23,2,0,25,82,7,25
608384,2017,343,313,90,14,4,12,97,20,0,6,4,0,148,55,1,2,45,83,8,23
608384,2018,448,407,104,12,3,17,111,32,2,9,0,0,173,50,3,2,53,140,4,24
608384,2019,112,106,16,4,0,2,43,4,0,2,0,0,26,5,0,0,9,67,1,25
608384,2021,13,10,0,0,0,0,4,1,0,2,0,0,0,0,0,0,2,4,1,27
608650,2017,2,2,1,0,0,0,1,0,0,0,0,0,1,0,0,0,0,2,0,26
608650,2025,0,0,0,0,0,0,0,0,0,0,0,0,0,0,0,0,0,17,0,34
608723,2018,2,2,0,0,0,0,1,0,0,0,0,0,0,0,0,0,0,4,0,26
608723,2019,10,9,1,0,0,0,3,0,0,0,0,1,1,1,0,0,0,9,0,27
608723,2021,3,2,1,0,0,0,1,0,0,1,0,0,1,0,0,0,1,49,0,29
608723,2024,0,0,0,0,0,0,0,0,0,0,0,0,0,0,0,0,0,68,0,32
611177,2015,198,191,53,12,0,10,35,5,0,0,2,0,95,26,0,0,20,58,9,30
611177,2016,563,532,145,29,0,14,93,24,4,6,0,0,216,65,3,2,65,134,18,31
611177,2017,183,173,41,4,0,5,23,7,0,2,1,0,60,19,4,0,19,52,9,32
620982,2017,1,1,0,0,0,0,1,0,0,0,0,0,0,0,0,0,1,26,0,23
621141,2018,5,4,0,0,0,0,4,1,0,0,0,0,0,0,0,0,0,4,0,24
621141,2019,7,6,1,0,0,0,4,1,0,0,0,0,1,0,0,0,0,9,0,25
621550,2018,58,50,13,1,0,4,19,6,0,2,0,0,26,10,2,1,11,32,1,26
621550,2019,28,26,4,1,0,0,15,1,0,0,0,1,5,1,0,0,1,9,0,27
621550,2020,2,2,0,0,0,0,0,0,0,0,0,0,0,0,0,0,0,2,0,28
621550,2021,375,338,78,13,0,28,153,32,1,4,0,0,175,61,4,1,54,106,7,29
621550,2022,534,469,97,28,0,25,183,53,1,9,2,1,200,66,8,4,67,134,8,30
621550,2023,302,268,55,8,1,23,111,30,0,2,1,1,134,46,4,2,43,97,4,31
621550,2024,174,158,27,7,2,8,59,10,0,4,1,1,62,23,5,0,16,75,1,32
621550,2026,50,47,5,1,0,1,21,3,1,0,0,0,9,4,0,0,3,19,0,34
621573,2018,122,113,25,4,0,4,22,7,0,2,0,0,41,14,1,0,16,34,1,24
621573,2019,189,178,40,14,0,6,47,9,1,0,1,1,72,21,0,2,17,64,5,25
621573,2020,7,4,1,1,0,0,2,3,0,0,0,0,2,0,0,0,1,3,0,26
621573,2021,38,30,7,2,0,1,11,6,0,0,2,0,12,7,0,0,5,22,0,27
621573,2022,9,8,3,0,0,0,0,1,0,0,0,0,3,0,0,0,1,3,0,28
622097,2016,17,14,2,1,0,0,5,0,0,0,0,3,3,0,0,0,0,10,1,22
622097,2017,14,12,2,1,0,0,5,1,0,0,0,1,3,0,0,0,1,12,0,23
622097,2018,2,2,0,0,0,0,2,0,0,0,0,0,0,0,0,0,0,9,0,24
622682,2018,219,212,47,5,3,1,46,5,0,0,1,1,61,12,9,1,35,100,4,23
622682,2019,292,276,84,16,5,3,64,14,0,0,2,0,119,25,9,3,29,69,5,24
622682,2020,213,202,56,7,2,4,45,9,0,2,0,0,79,14,8,2,30,57,4,25
622682,2021,220,209,54,10,4,5,55,8,0,0,1,2,87,22,5,1,26,76,2,26
622682,2022,336,315,80,19,3,3,77,13,0,4,4,0,114,34,2,2,27,92,7,27
622694,2018,11,11,0,0,0,0,7,0,0,0,0,0,0,0,0,0,0,32,0,23
622694,2019,24,19,1,0,0,0,10,1,0,0,0,4,1,0,0,0,0,21,0,24
622694,2021,18,14,1,0,0,0,7,0,0,0,0,4,1,0,0,0,1,11,0,26
623167,2017,14,13,2,1,0,0,7,0,0,0,0,1,3,0,0,0,0,14,0,22
623167,2018,0,0,0,0,0,0,0,0,0,0,0,0,0,0,0,0,0,4,0,23
623167,2019,2,2,1,0,0,0,0,0,0,0,0,0,1,0,0,0,0,9,0,24
623167,2021,3,3,0,0,0,0,0,0,0,0,0,0,0,0,0,0,0,31,0,26
623381,2018,0,0,0,0,0,0,0,0,0,0,0,0,0,0,0,0,0,12,0,24
623381,2019,0,0,0,0,0,0,0,0,0,0,0,0,0,0,0,0,0,37,0,25
623454,2017,0,0,0,0,0,0,0,0,0,0,0,0,0,0,0,0,0,2,0,23
623454,2018,4,3,0,0,0,0,1,0,0,0,0,1,0,0,0,0,0,5,0,24
623454,2019,1,1,0,0,0,0,1,0,0,0,0,0,0,0,0,0,0,2,0,25
623913,2014,0,0,0,0,0,0,0,0,0,0,0,0,0,0,0,0,0,14,0,22
623913,2017,0,0,0,0,0,0,0,0,0,0,0,0,0,0,0,0,0,8,0,25
623913,2019,0,0,0,0,0,0,0,0,0,0,0,0,0,0,0,0,0,50,0,27
624577,2013,432,382,122,21,2,19,97,36,6,11,3,0,204,42,11,8,66,104,6,22
624577,2014,640,558,165,37,9,16,124,67,3,12,1,2,268,69,11,7,92,148,7,23
624577,2015,311,282,72,12,3,11,66,26,1,2,1,0,123,38,3,3,30,79,1,24
624577,2016,368,334,88,14,2,11,74,24,0,7,3,0,139,45,5,2,45,104,10,25
624577,2017,570,499,131,24,2,28,100,64,8,2,5,0,243,74,15,6,72,152,21,26
624577,2018,444,405,108,21,1,23,87,36,2,1,2,0,200,63,15,5,60,125,15,27
624577,2019,1222,1110,296,60,4,48,266,88,2,16,8,0,508,168,38,14,152,298,26,28
628333,2014,28,24,0,0,0,0,10,1,0,0,0,3,0,0,0,0,0,16,0,27
628333,2015,34,30,2,1,0,0,11,1,0,0,0,3,3,0,0,0,0,34,1,28
628333,2016,0,0,0,0,0,0,0,0,0,0,0,0,0,0,0,0,0,38,0,29
628333,2017,20,19,2,0,0,0,5,0,0,0,0,1,2,1,0,0,0,18,0,30
628333,2018,10,10,2,0,0,0,2,0,0,0,0,0,2,0,0,0,0,38,0,31
628336,2018,123,116,31,8,0,2,15,6,0,1,0,0,45,11,1,0,9,36,2,30
628338,2016,107,92,23,3,0,1,15,12,0,2,0,1,29,12,1,1,12,45,1,25
628338,2017,426,386,96,16,0,6,64,27,2,11,1,1,130,24,1,5,43,123,9,26
628338,2018,337,292,69,14,1,5,52,32,0,4,2,7,100,19,2,4,29,125,4,27
628338,2019,231,204,46,13,0,5,60,18,0,6,1,2,74,20,2,2,31,89,4,28
628338,2020,72,66,14,0,0,4,18,6,0,0,0,0,26,10,2,0,12,30,0,29
628338,2021,347,305,67,26,0,5,81,32,3,9,1,0,108,26,0,0,46,120,5,30
628338,2022,82,76,12,3,1,3,32,6,0,0,0,0,26,8,0,0,12,74,1,31
628356,2015,467,421,121,24,2,15,99,28,0,17,1,0,194,58,5,4,60,126,10,28
628356,2016,370,318,81,19,0,21,79,36,1,14,2,0,163,62,3,1,45,103,11,29
628356,2018,6,6,2,0,0,0,1,0,0,0,0,0,2,0,0,0,0,3,0,31
628356,2019,185,172,29,7,1,10,60,11,0,1,1,0,68,24,0,0,15,65,4,32
630023,2018,1,1,0,0,0,0,1,0,0,0,0,0,0,0,0,0,0,18,0,24
630023,2019,2,2,0,0,0,0,2,0,0,0,0,0,0,0,0,0,0,26,0,25
640444,2021,41,35,2,1,0,0,14,1,0,1,0,4,3,0,0,0,2,29,0,26
641149,2018,1,1,0,0,0,0,1,0,0,0,0,0,0,0,0,0,0,1,0,25
641149,2019,6,4,0,0,0,0,4,2,0,0,0,0,0,0,0,0,0,64,0,26
641312,2019,28,25,2,1,0,0,19,0,0,1,0,2,3,0,0,0,0,28,0,24
641312,2021,0,0,0,0,0,0,0,0,0,0,0,0,0,0,0,0,0,5,0,26
641319,2016,25,24,5,2,0,0,4,1,0,0,0,0,7,2,0,0,2,7,0,24
641319,2017,343,307,83,14,1,4,76,28,0,2,1,5,111,21,0,1,28,89,6,25
641319,2018,218,189,37,8,1,2,46,24,1,1,3,1,53,19,1,1,15,79,5,26
641447,2021,5,4,0,0,0,0,2,0,0,0,0,1,0,0,0,0,0,5,0,26
641778,2018,37,30,2,1,0,0,15,1,0,0,1,5,3,1,0,0,1,23,0,23
641778,2019,48,40,4,2,0,0,23,1,0,0,0,6,6,0,0,0,1,30,0,24
641778,2021,37,26,4,0,0,1,15,3,0,1,1,6,7,4,0,0,3,26,1,26
641829,2019,40,36,9,2,0,0,10,4,0,0,0,0,11,2,2,0,5,20,0,23
641829,2020,11,9,0,0,0,0,4,2,0,0,0,0,0,0,0,0,2,7,0,24
641829,2021,154,144,30,3,0,6,41,8,0,0,1,1,51,17,3,1,14,58,1,25
641907,2021,1,1,0,0,0,0,1,0,0,0,0,0,0,0,0,0,0,17,0,26
642098,2019,2,2,0,0,0,0,0,0,0,0,0,0,0,0,0,0,0,31,0,27
642203,2021,18,16,1,0,0,0,11,1,0,0,0,1,1,0,0,0,1,23,0,26
642451,2022,5,5,0,0,0,0,3,0,0,0,0,0,0,0,0,0,0,7,0,26
642545,2018,5,5,0,0,0,0,1,0,0,0,0,0,0,0,0,0,0,26,1,21
642545,2019,2,2,0,0,0,0,1,0,0,0,0,0,0,0,0,0,0,19,0,22
642545,2021,3,3,0,0,0,0,3,0,0,0,0,0,0,0,0,0,0,13,0,24
642558,2018,1,0,0,0,0,0,0,0,0,0,0,1,0,0,0,0,0,12,0,22
642558,2019,1,1,0,0,0,0,1,0,0,0,0,0,0,0,0,0,0,32,0,23
643269,2020,4,4,0,0,0,0,1,0,0,0,0,0,0,0,0,0,0,2,0,25
643269,2021,65,60,13,2,0,1,22,5,1,0,0,0,18,3,0,0,5,18,1,26
643436,2019,83,75,22,5,0,0,25,7,0,1,0,0,27,6,0,0,8,23,3,27
643436,2020,85,81,20,3,0,6,30,4,0,0,0,0,41,10,0,0,8,36,2,28
643436,2021,9,8,2,0,0,0,6,1,0,0,0,0,2,0,0,0,1,7,0,29
643565,2017,32,27,6,0,1,0,10,5,0,0,0,0,8,2,1,2,2,31,1,26
643565,2018,37,32,3,1,0,0,15,4,0,0,0,1,4,0,1,0,5,21,0,27
643565,2019,296,260,72,18,1,13,71,34,0,1,1,0,131,47,6,0,46,87,9,28
643565,2020,111,95,23,6,0,0,26,14,3,1,1,0,29,14,6,0,18,43,3,29
643565,2021,382,332,60,10,0,8,116,46,0,2,0,2,94,30,6,6,44,150,0,30
643565,2023,401,337,85,18,0,8,86,56,1,4,3,1,127,48,7,1,64,108,3,32
643565,2024,350,298,74,12,1,7,70,47,0,4,1,0,109,29,6,2,50,109,7,33
643565,2025,385,335,88,17,1,9,86,45,0,4,1,0,134,40,0,0,44,93,5,34
643603,2016,276,249,54,16,0,8,65,23,1,2,2,0,94,28,1,0,24,86,6,25
643603,2017,67,61,17,6,0,3,16,4,0,1,1,0,32,10,0,1,7,22,0,26
643603,2018,237,210,58,12,3,12,49,24,0,2,1,0,112,42,0,1,27,66,1,27
643603,2019,558,480,100,28,0,6,156,72,0,0,6,0,146,46,0,0,36,166,14,28
650331,2020,41,39,6,2,0,0,12,2,0,0,0,0,8,3,0,0,2,14,2,23
650331,2021,128,122,25,4,1,8,33,6,1,0,0,0,55,13,0,0,16,40,1,24
650331,2022,174,160,27,4,0,5,54,11,0,1,2,0,46,11,1,0,12,58,3,25
656212,2021,1,1,0,0,0,0,1,0,0,0,0,0,0,0,0,0,0,9,0,25
656353,2021,6,6,0,0,0,0,6,0,0,0,0,0,0,0,0,0,0,4,0,25
656448,2022,84,76,21,8,0,4,27,3,0,1,1,0,41,10,3,1,13,27,1,26
656448,2023,271,234,63,17,0,9,82,26,0,3,5,0,107,40,3,1,40,89,6,27
656448,2024,6,5,3,1,0,1,0,1,0,0,0,0,7,3,0,0,2,2,0,28
656541,2019,87,77,21,4,2,7,23,9,0,1,0,0,50,13,2,0,13,27,1,25
656541,2020,114,105,22,2,2,6,42,9,0,0,0,0,46,10,3,0,13,36,0,26
656541,2021,238,214,46,7,2,14,87,23,3,1,0,0,99,34,5,0,32,81,0,27
656541,2022,200,174,32,6,1,2,57,23,0,1,2,0,46,14,5,1,26,70,2,28
656541,2023,78,72,17,5,0,3,33,6,0,0,0,0,31,6,4,0,15,40,1,29
656541,2024,158,138,33,5,1,10,56,14,1,0,2,4,70,27,5,2,26,58,3,30
656541,2025,61,51,10,3,1,2,23,10,0,0,0,0,21,3,2,1,8,20,1,31
656847,2021,480,446,88,18,2,26,164,24,8,4,6,0,188,76,4,0,58,140,8,25
657434,2019,48,42,8,2,1,2,17,4,0,2,0,0,18,3,0,0,4,28,0,27
657434,2020,5,5,2,1,0,0,1,0,0,0,0,0,3,0,1,0,2,2,0,28
657434,2021,61,51,8,3,0,2,17,8,0,0,1,1,17,9,0,0,8,32,1,29
657756,2025,0,0,0,0,0,0,0,0,0,0,0,0,0,0,0,0,0,3,0,29
657756,2026,0,0,0,0,0,0,0,0,0,0,0,0,0,0,0,0,0,5,0,30
658431,2021,1,1,0,0,0,0,1,0,0,0,0,0,0,0,0,0,0,4,0,24
658431,2022,0,0,0,0,0,0,0,0,0,0,0,0,0,0,0,0,0,14,0,25
658648,2019,2,1,0,0,0,0,0,0,0,0,0,1,0,0,0,0,0,1,0,22
658648,2021,1,1,0,0,0,0,1,0,0,0,0,0,0,0,0,0,0,1,0,24
658648,2024,0,0,0,0,0,0,0,0,0,0,0,0,0,0,0,0,0,50,0,27
658792,2017,4,4,0,0,0,0,1,0,0,0,0,0,0,0,0,0,0,3,0,28
658792,2018,2,2,0,0,0,0,1,0,0,0,0,0,0,0,0,0,0,3,0,29
658792,2019,3,3,1,0,0,1,1,0,0,0,0,0,4,2,0,0,1,8,0,30
660365,2021,0,0,0,0,0,0,0,0,0,0,0,0,0,0,0,0,0,12,0,33
663399,2021,1,1,0,0,0,0,1,0,0,0,0,0,0,0,0,0,0,4,0,27
663531,2019,5,4,1,0,0,0,0,0,0,1,0,0,1,0,0,0,1,8,0,22
663531,2021,1,1,0,0,0,0,1,0,0,0,0,0,0,0,0,0,0,14,0,24
663662,2020,59,57,11,2,1,0,19,2,0,0,0,0,15,3,1,0,4,17,1,23
663662,2021,115,103,20,5,0,4,38,10,0,2,0,0,37,13,6,0,16,35,2,24
663662,2022,70,64,14,3,1,1,20,5,0,1,0,0,22,8,2,0,6,21,1,25
663662,2024,186,170,34,5,1,5,51,13,0,1,2,0,56,15,5,0,22,66,3,27
663662,2025,42,41,8,1,0,1,13,1,0,0,0,0,12,3,1,0,7,21,1,28
663662,2026,25,24,5,1,0,1,7,0,0,0,1,0,9,3,0,0,3,8,0,29
663978,2019,46,42,5,0,0,0,19,0,0,0,0,4,5,2,0,0,3,26,0,23
663978,2021,42,35,1,0,0,0,26,1,0,1,0,5,1,0,0,0,0,24,0,25
663978,2023,0,0,0,0,0,0,0,0,0,0,0,0,0,0,0,0,0,3,0,27
664057,2017,66,57,9,2,0,0,20,7,0,0,0,2,11,1,1,0,5,37,0,23
664057,2018,86,75,19,2,0,1,23,6,0,1,3,1,24,13,1,1,9,57,0,24
664057,2019,37,30,11,1,1,0,11,6,0,1,0,0,14,0,0,1,4,30,1,25
664057,2020,47,41,15,7,1,2,11,5,0,1,0,0,30,12,2,0,11,15,0,26
664057,2021,213,192,44,6,0,5,61,13,2,5,1,2,65,23,1,1,22,109,3,27
664057,2023,40,37,7,1,0,0,8,2,0,1,0,0,8,1,4,1,4,25,0,29
664074,2021,7,6,0,0,0,0,4,0,0,0,0,1,0,0,0,0,0,15,0,27
664314,2020,3,3,1,0,0,0,2,0,0,0,0,0,1,0,0,0,0,1,0,22
664314,2021,25,20,6,2,0,1,6,5,0,0,0,0,11,2,1,0,3,11,0,23
664314,2022,35,31,3,0,0,0,13,3,0,1,0,0,3,1,2,0,4,17,0,24
664314,2023,71,61,14,3,1,0,20,7,0,2,1,0,19,8,3,0,5,19,0,25
664314,2024,111,98,17,6,2,3,41,11,0,1,0,1,36,11,2,1,11,36,2,26
664641,2017,6,6,0,0,0,0,3,0,0,0,0,0,0,0,0,0,1,32,0,28
664942,2023,0,0,0,0,0,0,0,0,0,0,0,0,0,0,0,0,0,10,0,30
666560,2016,244,215,41,9,1,12,80,21,0,5,3,0,88,24,1,0,28,62,3,29
666561,2017,57,52,8,1,0,1,15,5,0,0,0,0,12,5,0,0,2,18,1,29
667498,2019,11,11,0,0,0,0,6,0,0,0,0,0,0,0,0,0,0,7,0,23
667498,2021,0,0,0,0,0,0,0,0,0,0,0,0,0,0,0,0,0,12,0,25
669008,2021,6,5,1,0,0,0,0,1,0,0,0,0,1,0,0,0,2,3,1,26
669008,2022,3,3,0,0,0,0,2,0,0,0,0,0,0,0,0,0,0,1,0,27
669145,2021,4,4,0,0,0,0,3,0,0,0,0,0,0,0,0,0,0,14,0,26
669374,2019,348,314,95,23,2,19,107,25,1,8,1,0,179,49,9,3,51,84,6,22
669374,2020,246,217,46,4,0,13,85,16,2,11,2,0,89,32,3,2,30,59,7,23
669374,2021,197,173,29,9,1,4,77,14,0,7,1,2,52,19,3,0,16,61,6,24
669374,2022,266,234,53,8,1,14,111,23,0,8,1,0,105,32,5,2,34,80,3,25
669374,2024,27,27,4,0,0,0,10,0,0,0,0,0,4,1,0,1,1,10,0,27
669374,2025,21,18,4,1,0,0,7,0,0,3,0,0,5,1,0,0,3,8,0,28
669391,2024,0,0,0,0,0,0,0,0,0,0,0,0,0,0,0,0,0,3,0,24
669952,2021,16,15,0,0,0,0,11,1,0,0,0,0,0,0,0,0,1,21,0,26
669952,2024,0,0,0,0,0,0,0,0,0,0,0,0,0,0,0,0,0,6,0,29
670092,2024,29,25,3,0,0,0,6,4,0,0,0,0,3,1,1,0,3,12,1,28
670092,2025,43,41,6,2,0,1,13,2,0,0,0,0,11,2,0,0,5,25,2,29
670351,2021,184,168,35,14,0,6,50,15,0,1,0,0,67,15,2,1,26,61,2,28
670351,2022,57,56,7,2,0,0,19,0,0,1,0,0,9,1,0,0,1,22,1,29
673490,2021,298,267,54,12,2,8,71,22,1,4,3,2,94,34,6,1,27,117,6,25
673490,2022,582,517,130,29,3,11,100,51,0,7,4,3,198,59,12,2,58,150,9,26
673490,2023,626,538,140,23,0,17,124,75,1,3,5,5,214,60,38,9,84,152,7,27
673490,2024,470,403,94,16,3,11,77,58,4,2,3,4,149,47,22,5,60,121,8,28
673490,2025,382,342,80,8,0,10,78,32,0,4,4,0,118,34,12,4,38,96,4,29
673490,2026,128,114,14,1,0,0,33,13,0,1,0,0,15,9,2,0,8,46,1,30
676632,2022,123,113,20,7,0,1,31,10,0,0,0,0,30,7,2,1,10,39,0,26
676632,2023,30,26,4,1,0,0,7,4,0,0,0,0,5,0,0,0,4,12,0,27
676632,2024,75,67,18,3,0,1,20,6,0,0,1,0,24,5,0,0,8,21,0,28
676646,2021,10,10,0,0,0,0,7,0,0,0,0,0,0,0,0,0,2,6,0,27
676646,2022,34,34,9,1,0,0,10,0,0,0,0,0,10,3,0,1,3,16,0,28
676724,2022,22,19,5,2,0,0,7,3,0,0,0,0,7,0,1,0,2,6,0,26
676724,2023,47,43,8,0,3,2,13,3,0,1,0,0,20,8,2,0,8,16,1,27
676724,2025,47,43,8,1,0,4,16,2,0,1,1,0,21,6,0,0,5,23,1,29
676724,2026,342,308,82,17,3,9,63,25,0,6,3,0,132,39,3,1,46,103,4,30
676950,2022,114,100,14,0,0,0,34,12,0,0,2,0,14,12,0,0,4,44,4,27
688760,2025,148,130,26,4,0,10,56,12,0,2,4,0,60,24,0,0,20,40,0,28
808975,2025,170,161,45,6,1,3,52,7,0,1,0,1,62,17,13,1,19,71,0,26
808975,2026,131,116,30,3,1,1,31,12,0,0,2,0,38,11,5,1,16,43,2,27
808982,2024,158,145,38,4,0,2,13,10,0,1,2,0,48,8,2,3,15,37,2,25
808982,2025,617,560,149,31,12,8,71,47,0,6,4,0,228,55,10,3,73,150,2,26
808982,2026,571,532,146,30,4,10,57,28,1,7,4,0,214,56,12,1,65,141,6,27
823550,2026,145,123,23,4,0,1,28,18,1,0,1,3,30,16,13,4,19,73,3,29
